ApplStandard,Brand,Cap,Combination,Control,Country,Depth,Height,Model Name,Model No,N-Standard,New CEC,New SRI,New Star,Prog Name,Prog Time,Sold_in,SubmitStatus,Submit_ID,Test_Moist_Remove,Tot_Wat_Cons,Type,Width,ExpDate,GrandDate,Product Class,Availability Status,Product Website,Representative Brand URL
AS/NZS 2442.2:2000/Amdt 2:2007,TRIESTE,6,False,Autosensing,China,870.0,650.0,Each individual model number listed above,TR-GDZ60-09E,AS/NZS 2442.1:1996,265,2.0,2.0,Extra Dry Full Load,230.0,New Zealand,Approved,52233,4.702,,Vented,600.0,,,,Unavailable,,
AS/NZS 2442.2:2000/Amdt 2:2007,SMEG,6,,Timer,,590.0,850.0,Each individual model number listed above,SD727,AS/NZS 2442.1:1996,294,1.483,1.0,Used Once A Week,120.0,New Zealand,Approved,15396,4.67,,Condenser,596.0,,,,Unavailable,http://www.applico.co.nz/,
AS/NZS 2442.2:2000/Amdt 2:2007,ACQUA,6,False,Autosensing,China,,,Each individual model number listed above,GY-ESD60W,AS/NZS 2442.1:1996,265,2.0,2.0,Extra Dry/Full Load,230.0,New Zealand,Approved,56709,4.702,,Vented,,,,,Available,,
AS/NZS 2442.2:2000/Amdt 2:2007,FISHER & PAYKEL,4.5,False,Timer,New Zealand,,,Each individual model number listed above,DE45F56AW1,AS/NZS 2442.1:1996,234,1.11,1.0,Regular,140.0,"Australia,New Zealand",Approved,36454,3.497,,Vented,,,,,Unavailable,http://www.fisherpaykel.co.nz/,
AS/NZS 2442.2:2000/Amdt 2:2007,SMEG,6,,Autosensing,United Kingdom,580.0,850.0,single,SCD777,AS/NZS 2442.1:1996,291,1.546,1.5,Extra dry,176.0,New Zealand,Approved,18011,4.65,,Condenser,595.0,,,,Unavailable,http://www.applico.co.nz/,
AS/NZS 2442.2:2000/Amdt 2:2007,SMEG,6,,Autosensing,United Kingdom,580.0,850.0,single,SCD772,AS/NZS 2442.1:1996,291,1.546,1.5,Extra dry,176.0,New Zealand,Approved,18011,4.65,,Condenser,595.0,,,,Unavailable,http://www.applico.co.nz/,
AS/NZS 2442.2:2000/Amdt 2:2007,BAUMATIC,5,False,Timer,Chile,525.0,600.0,single,BK6DR2003,AS/NZS 2442.1:1996,240,1.6,1.5,COTTON,170.0,New Zealand,Approved,30406,3.883,,Vented,885.0,,,,Unavailable,http://www.applico.co.nz/,
AS/NZS 2442.2:2000/Amdt 2:2007,BAUMATIC,5,,Timer,Chile,525.0,600.0,Each individual model number listed above,BK6DR2000,AS/NZS 2442.1:1996,240,1.6097,1.5,Cotton,170.0,New Zealand,Approved,22153,3.883,,Vented,885.0,,,,Unavailable,http://www.applico.co.nz/,
AS/NZS 2442.2:2000/Amdt 2:2007,FISHER & PAYKEL,3.5,False,Manual,New Zealand,,,single,DE35F56AW1,AS/NZS 2442.1:1996,190,0.86,1.0,Regular,110.0,"Australia,New Zealand",Approved,36682,2.722,,Vented,,,,,Unavailable,http://www.fisherpaykel.co.nz/,
AS/NZS 2442.2:2000/Amdt 2:2007,LG,5,True,Autosensing,"""Korea, Republic of""",,,single,WD12490FD,AS/NZS 2442.1:1996,204,2.6503,2.5,"Dry-Eco, 1200 rpm",226.0,"Australia,New Zealand",Superseded,39962,4.02,15.0,Condenser,,2014-10-06,2013-10-23,,Unavailable,,
AS/NZS 2442.2:2000/Amdt 2:2007,LG,5,True,Autosensing,"""Korea, Republic of""",,,single,WD12495FD,AS/NZS 2442.1:1996,204,2.6503,2.5,"Dry-Eco, 1200 rpm",226.0,"Australia,New Zealand",Superseded,39962,4.02,15.0,Condenser,,2014-10-06,2013-10-23,,Unavailable,,
AS/NZS 2442.2:2000/Amdt 2:2007,FISHER & PAYKEL,4.5,False,Autosensing,New Zealand,,,Each individual model number listed above,DE45F56EW1,AS/NZS 2442.1:1996,202,2.04,2.0,Regular,125.0,"Australia,New Zealand",Approved,36956,3.517,,Vented,,,,,Unavailable,http://www.fisherpaykel.co.nz/,
AS/NZS 2442.2:2000/Amdt 2:2007,FISHER & PAYKEL,8,,Autosensing,New Zealand,700.0,1050.0,Each individual model number listed above,DEIX1,AS/NZS 2442.1:1996,339,2.4131,2.0,"Autosensing, damp",95.0,"Australia,New Zealand",Approved,19704,6.347,,Vented,685.0,,,,Unavailable,http://www.fisherpaykel.co.nz/,
AS/NZS 2442.2:2000/Amdt 2:2007,CANDY,1.5,True,Timer,Italy,,,Each individual model number listed above,CB 103 TR,AS/NZS 2442.1:1996,91,0.21,1.0,Dry High on Max Time,102.0,New Zealand,Approved,26609,1.18,28.0,Condenser,,,,,Unavailable,,
AS/NZS 2442.2:2000/Amdt 2:2007,FISHER & PAYKEL,4.5,False,Autosensing,New Zealand,,,Each individual model number listed above,ED56,AS/NZS 2442.1:1996,227,1.31,1.0,Regular,145.0,"Australia,New Zealand",Approved,22651,3.579,0.0,Vented,,,,,Unavailable,http://www.fisherpaykel.co.nz/,
AS/NZS 2442.2:2000/Amdt 2:2007,ARISTON,3.5,True,Timer,Italy,,,Each individual model number listed above,AL 128 D,AS/NZS 2442.1:1996,143,2.61,2.5,150 minutes Cotton,150.0,,Superseded,3793,2.72,31.5,Condenser,,2007-04-16,2007-10-08,,Available,,
AS/NZS 2442.2:2000/Amdt 2:2007,FISHER & PAYKEL,3.5,False,Timer,New Zealand,,,Each individual model number listed above,AD39,AS/NZS 2442.1:1996,207,0.33,1.0,Regular,125.0,"Australia,New Zealand",Approved,22649,2.777,,Vented,,,,,Unavailable,http://www.fisherpaykel.co.nz/,
AS/NZS 2442.2:2000/Amdt 2:2007,CLASSIQUE,4,False,Timer,China,,,Each individual model number listed above,CLDRY4,AS/NZS 2442.1:1996,180,2.0068,2.0,Strong Heat,200.0,New Zealand,Approved,50351,3.115,,Vented,,,,,Unavailable,http://www.applico.co.nz/,http://www.applico.co.nz/
AS/NZS 2442.2:2000/Amdt 2:2007,FISHER & PAYKEL,4.5,False,Autosensing,New Zealand,,,Each individual model number listed above,ED56,AS/NZS 2442.1:1996,202,2.02,2.0,Regular,135.0,"Australia,New Zealand",Approved,25927,3.503,,Vented,,,,,Unavailable,http://www.fisherpaykel.co.nz/,
AS/NZS 2442.2:2000/Amdt 2:2007,CANDY,5,True,Autosensing,Italy,,,Each individual model number listed above,GO W496D-AUS,AS/NZS 2442.1:1996,207,2.5199,2.5,Cottons Cupboard Dry Extra,215.0,"Australia,New Zealand",Superseded,59574,2.4,40.1,Condenser,,2016-07-14,2013-10-23,,Unavailable,,
AS/NZS 2442.2:2000/Amdt 2:2007,TUSCANY,5,False,Autosensing,China,,,Each individual model number listed above,TDY5,AS/NZS 2442.1:1996,225,1.9983,1.5,Energy Efficiency Labelling Tests,160.0,New Zealand,Approved,32769,3.97,,Vented,,,,,Unavailable,,
AS/NZS 2442.2:2000/Amdt 2:2007,NOUVEAU,5,False,Autosensing,China,,,Each individual model number listed above,NVDE5,AS/NZS 2442.1:1996,225,1.9983,1.5,Energy Efficiency Labelling Tests,160.0,New Zealand,Approved,34808,3.97,,Vented,,,,,Unavailable,,
AS/NZS 2442.2:2000/Amdt 2:2007,FISHER & PAYKEL,4.5,False,Autosensing,New Zealand,,,single,ED56,AS/NZS 2442.1:1996,202,2.02,2.0,Regular,135.0,"Australia,New Zealand",Approved,33797,3.503,,Vented,,,,,Unavailable,,
AS/NZS 2442.2:2000/Amdt 2:2007,FISHER & PAYKEL,4.5,False,Autosensing,New Zealand,,,single,ED57,AS/NZS 2442.1:1996,202,2.02,2.0,Regular,135.0,"Australia,New Zealand",Approved,33797,3.503,,Vented,,,,,Unavailable,,
AS/NZS 2442.2:2000/Amdt 2:2007,SMEG,2.5,,Timer,Italy,540.0,860.0,Each individual model number listed above,SWD1600,AS/NZS 2442.1:1996,84,3.85,3.5,Cotton,120.0,New Zealand,Approved,22155,1.951,,Condenser,595.0,,,,Unavailable,http://www.applico.co.nz/,
AS/NZS 2442.2:2000/Amdt 2:2007,AWARD,6,False,Autosensing,China,570.0,850.0,Each individual model number listed above,T55W,AS/NZS 2442.1:1996,266,2.09,2.0,Cottons Heavy program,248.0,New Zealand,Approved,58860,4.69,,Vented,595.0,,,,Available,,http://www.awardappliances.co.nz
AS/NZS 2442.2:2000/Amdt 2:2007,AWARD,6,,Timer,,590.0,800.0,single,T767,AS/NZS 2442.1:1996,294,1.483,1.0,TIMED CYCLE,120.0,New Zealand,Approved,16601,4.67,,Condenser,590.0,,,,Unavailable,,
AS/NZS 2442.2:2000/Amdt 2:2007,AWARD,6,,Timer,,590.0,800.0,single,T514 T447,AS/NZS 2442.1:1996,294,1.483,1.0,TIMED CYCLE,120.0,New Zealand,Approved,16601,4.67,,Condenser,590.0,,,,Unavailable,,
AS/NZS 2442.2:2000/Amdt 2:2007,TRIESTE,4,False,Timer,China,,,Each individual model number listed above,TR-GYJ40-68,AS/NZS 2442.1:1996,180,2.0068,2.0,Strong Dry Programme,200.0,New Zealand,Approved,45042,3.116,,Vented,,,,,Unavailable,,
AS/NZS 2442.2:2000/Amdt 2:2007,TRIESTE,6,False,Autosensing,China,,,Each individual model number listed above,TR-TD60-101W,AS/NZS 2442.1:1996,262,2.1613,2.0,Cotton Program,204.0,New Zealand,Approved,45232,4.789,,Vented,,,,,Unavailable,,
AS/NZS 2442.2:2000/Amdt 2:2007,BOSCH,10,False,Autosensing,United States,,,Each individual model number listed above,WTB76550EU,AS/NZS 2442.1:1996,447,2.06,2.0,Cupboar Dry,180.0,New Zealand,Approved,35844,7.999,,Vented,,,,,Unavailable,,
AS/NZS 2442.2:2000/Amdt 2:2007,Tuscany,6,False,Autosensing,China,870.0,650.0,Each individual model number listed above,T-GDZ60-09E,AS/NZS 2442.1:1996,265,2.0,2.0,Extra Dry Full Load,230.0,New Zealand,Approved,53493,4.702,,Vented,600.0,,,,Available,,
AS/NZS 2442.2:2000/Amdt 2:2007,BAUMATIC,4,False,Timer,China,,,Each individual model number listed above,BK4CD,AS/NZS 2442.1:1996,180,2.0068,2.0,Strong Heat,200.0,New Zealand,Approved,51370,3.115,,Vented,,,,,Unavailable,http://www.applico.co.nz/,http://www.applico.co.nz
AS/NZS 2442.2:2000/Amdt 2:2007,ASKO,6.5,False,Autosensing,Sweden,595.0,850.0,Each individual model number listed above,T794C,AS/NZS 2442.1:1996/Amdt 4:2006,292,2.01736018503,2.0,AUTO NORMAL DRY,140.0,New Zealand,Approved,66720,5.112,0.0,Condenser,595.0,,,,Unavailable,,http://www.asko.org.nz
AS/NZS 2442.2:2000/Amdt 2:2007,ASKO,6.5,False,Autosensing,Sweden,595.0,850.0,Each individual model number listed above,T784C,AS/NZS 2442.1:1996/Amdt 4:2006,292,2.01736018503,2.0,AUTO NORMAL DRY,140.0,New Zealand,Approved,66720,5.112,0.0,Condenser,595.0,,,,Unavailable,,http://www.asko.org.nz
AS/NZS 2442.2:2000/Amdt 2:2007,ASKO,6.5,False,Autosensing,Sweden,595.0,850.0,Each individual model number listed above,T754C,AS/NZS 2442.1:1996/Amdt 4:2006,292,2.01736018503,2.0,AUTO NORMAL DRY,140.0,New Zealand,Approved,66720,5.112,0.0,Condenser,595.0,,,,Unavailable,,http://www.asko.org.nz
AS/NZS 2442.2:2000/Amdt 2:2007,TRIESTE,6,False,Autosensing,"China,China",870.0,650.0,,ED-D6KG,AS/NZS 2442.1:1996/Amdt 4:2006,265,2.12184812783,2.0,Extra Dry Full Load,230.0,"Fiji,New Zealand",Approved,66449,4.702,,Vented,600.0,,,,Unavailable,,
AS/NZS 2442.2:2000/Amdt 2:2007,FISHER & PAYKEL,4.5,False,Timer,New Zealand,,,Each individual model number listed above,AD55,AS/NZS 2442.1:1996,241,0.94,1.0,Regular,145.0,"Australia,New Zealand",Approved,22650,3.541,,Vented,,,,,Unavailable,http://www.fisherpaykel.co.nz/,
AS/NZS 2442.2:2000/Amdt 2:2007,ASKO,6,False,Autosensing,Sweden,600.0,850.0,,TDC111V,AS/NZS 2442.1:1996/Amdt 4:2006,270,2.00683301501,2.0,AUTO NORMAL DRY,115.0,New Zealand,Approved,72593,4.831,,Vented,595.0,2113-06-06,,,Available,,http://www.asko.org.nz
AS/NZS 2442.2:2000/Amdt 2:2007,CANDY,5,True,Autosensing,Italy,,,Each individual model number listed above,GO W496D-01S,AS/NZS 2442.1:1996,207,2.5199,2.5,Cottons Cupboard Dry Extra,215.0,"Australia,New Zealand",Superseded,56379,2.4,40.1,Condenser,,2016-04-19,2013-10-23,,Unavailable,,
AS/NZS 2442.2:2000/Amdt 2:2007,Acqua,6,False,Autosensing,China,,,Each individual model number listed above,GY-ESD60W,AS/NZS 2442.1:1996,265,2.0,2.0,Extra Dry / Full Load,230.0,Australia,Superseded,56828,4.702,,Vented,,2016-05-22,2013-10-23,,Unavailable,,http://www.jalmacsales.com
AS/NZS 2442.2:2000/Amdt 2:2007,Galanz,6,False,Timer,China,600.0,860.0,single,DV-60Q2ME,AS/NZS 2442.1:1996,293,1.50381,1.5,cottons-heavy,240.0,Australia,Superseded,48249,4.691,,Vented,600.0,2015-05-26,2013-10-23,,Unavailable,,
AS/NZS 2442.2:2000/Amdt 2:2007,Galanz,6,False,Timer,China,600.0,860.0,single,DV-60Q3ME,AS/NZS 2442.1:1996,293,1.50381,1.5,cottons-heavy,240.0,Australia,Superseded,48249,4.691,,Vented,600.0,2015-05-26,2013-10-23,,Unavailable,,
AS/NZS 2442.2:2000/Amdt 2:2007,ASKO,7,False,Autosensing,Sweden,595.0,850.0,Each individual model number listed above,T784HP,AS/NZS 2442.1:1996/Amdt 4:2006,164,6.02301877883,6.0,AUTO NORMAL DRY,200.0,New Zealand,Approved,66721,5.529,0.0,Condenser,595.0,,,,Unavailable,,http://www.asko.org.nz
AS/NZS 2442.2:2000/Amdt 2:2007,ASKO,7,False,Autosensing,Sweden,595.0,850.0,Each individual model number listed above,T754HP,AS/NZS 2442.1:1996/Amdt 4:2006,164,6.02301877883,6.0,AUTO NORMAL DRY,200.0,New Zealand,Approved,66721,5.529,0.0,Condenser,595.0,,,,Unavailable,,http://www.asko.org.nz
AS/NZS 2442.2:2000/Amdt 2:2007,Aspira,4,False,Timer,China,,,,DY40,AS/NZS 2442.1:1996/Amdt 4:2006,230,0.498562816633,1.0,200 min Warm,120.0,New Zealand,Approved,79327,3.11,,Vented,,2114-03-05,,Single product class,Available,http://www.fisherpaykel.co.nz/,
AS/NZS 2442.2:2000/Amdt 2:2007,Technika,4,True,Timer,Italy,,,,TWDC84,AS/NZS 2442.1:1996/Amdt 4:2006,153,3.00683301501,3.0,"Dry program, 190 minutes, 1300 RPM",173.0,"Australia,New Zealand",Superseded,68227,3.923,71.2,Condenser,,2017-09-25,2013-10-23,,Unavailable,http://www.jpindustries.com/,http://www.technika.com.au/
AS/NZS 2442.2:2000/Amdt 2:2007,domeq,5,True,Autosensing,Italy,600.0,,,dmc8514,AS/NZS 2442.1:1996/Amdt 4:2006,193,2.95078590575,2.5,Cotton,212.3,New Zealand,Approved,67461,4.055,40.1,Condenser,600.0,2022-08-31,,,Unavailable,http://www.candy.it/,http://www.domeq.co.nz/
Greenhouse and Energy Minimum Standards (Rotary Clothes Dryers) Determination 2012,GALANZ,3.5,True,Timer,China,,,Each individual model number listed above,XQG70-DA112PE,AS/NZS 2442.1:1996,148,2.38963878842,2.0,Cottons Drying 198 min,235.0,"Australia,New Zealand",Approved,52319,2.721,0.0,Vented,,2015-08-31,,Single product class,Unavailable,,http://www.galanz.com/
Greenhouse and Energy Minimum Standards (Rotary Clothes Dryers) Determination 2012,ELECTROLUX,5,True,Autosensing,Italy,,,Each individual model number listed above,EWW14791W,AS/NZS 2442.1:1996,168,3.80438622129,3.5,Cottons Extra Dry,180.0,"Australia,Fiji,New Zealand",Approved,49724,3.965,41.0,Condenser,,2015-03-11,,Single product class,Unavailable,,http://www.electrolux.com.au
Greenhouse and Energy Minimum Standards (Rotary Clothes Dryers) Determination 2012,BEKO,8,False,Autosensing,Turkey,598.0,846.0,,DCU 8330 GX,AS/NZS 2442.1:1996/Amdt 4:2006,350,2.18017206575,2.0,Cottons-Extra Dry,207.0,"Australia,New Zealand",Approved,62056,6.411,,Condenser,595.0,2016-11-05,,Single product class,Unavailable,http://www.beko.com/,
Greenhouse and Energy Minimum Standards (Rotary Clothes Dryers) Determination 2012,BEKO,7,False,Autosensing,Turkey,530.0,846.0,,DCU 7330 X,AS/NZS 2442.1:1996/Amdt 4:2006,313,2.04602505439,2.0,Cottons-Extra Dry,179.0,"Australia,New Zealand",Approved,62054,5.548,,Condenser,595.0,2016-11-05,,Single product class,Unavailable,http://www.beko.com/,
Greenhouse and Energy Minimum Standards (Rotary Clothes Dryers) Determination 2012,Haier,8,False,Autosensing,China,,,,HD80-01,AS/NZS 2442.1:1996/Amdt 4:2006,358,2.04111237598,2.0,Extra Dry ,216.0,"Australia,New Zealand",Approved,61781,6.347,0.0,Condenser,,2016-11-08,,Single product class,Unavailable,http://www.haier.com/,http://www.haier.com/
Greenhouse and Energy Minimum Standards (Rotary Clothes Dryers) Determination 2012,INDESIT,7.5,False,Autosensing,Italy,,,Each individual model number listed above,IDCA 835 B,AS/NZS 2442.1:1996,325,2.23905413595,2.0,Daily 1 (Ready to Wear) High Heat,185.0,"Australia,New Zealand",Approved,48141,5.923,,Condenser,,2015-01-20,,Single product class,Unavailable,,http://www.indesit.com.au
Greenhouse and Energy Minimum Standards (Rotary Clothes Dryers) Determination 2012,GE,6,False,Autosensing,China,,,Each individual model number listed above,DIVH481CK0WW,AS/NZS 2442.1:1996,265,2.12184812783,2.0,Cottons ,168.0,"Australia,New Zealand",Approved,53147,4.874,,Vented,,2015-09-13,,Single product class,Unavailable,,http://-
Greenhouse and Energy Minimum Standards (Rotary Clothes Dryers) Determination 2012,SAMSUNG ELECTRONICS,4,True,Autosensing,"""Korea, Republic of""",,,Each individual model number listed above,WD8704EJA,AS/NZS 2442.1:1996,153,3.00683301501,3.0,"Drying,Cupboard dry,Intensive wash/ dry, 1200 rpm",247.0,"Australia,New Zealand",Approved,44575,3.173,63.82,Condenser,,2014-08-11,,Single product class,Unavailable,,
Greenhouse and Energy Minimum Standards (Rotary Clothes Dryers) Determination 2012,INDESIT,6,False,Autosensing,United Kingdom,,,Each individual model number listed above,IDV 65,AS/NZS 2442.1:1996,272,1.96142225996,1.5,Automatic B (large load) ,131.0,"Australia,New Zealand",Approved,49693,4.855,,Vented,,2015-07-01,,Single product class,Unavailable,,http://www.indesit.com.au
Greenhouse and Energy Minimum Standards (Rotary Clothes Dryers) Determination 2012,Teco,5,False,Autosensing,China,,,Each individual model number listed above,CD5000A,AS/NZS 2442.1:1996,225,2.00683301501,2.0,"Full heat, extra dry",170.0,"Australia,New Zealand",Approved,48914,3.973,,Vented,,2015-02-10,,Single product class,Unavailable,http://www.teco.com.au/,http://www.teco.com.au/
Greenhouse and Energy Minimum Standards (Rotary Clothes Dryers) Determination 2012,Teco,5,False,Autosensing,China,,,Each individual model number listed above,CD5001A,AS/NZS 2442.1:1996,225,2.00683301501,2.0,"Full heat, extra dry",170.0,"Australia,New Zealand",Approved,48914,3.973,,Vented,,2015-02-10,,Single product class,Unavailable,http://www.teco.com.au/,http://www.teco.com.au/
Greenhouse and Energy Minimum Standards (Rotary Clothes Dryers) Determination 2012,Teco,5,False,Autosensing,China,,,Each individual model number listed above,CD5002A,AS/NZS 2442.1:1996,225,2.00683301501,2.0,"Full heat, extra dry",170.0,"Australia,New Zealand",Approved,48914,3.973,,Vented,,2015-02-10,,Single product class,Unavailable,http://www.teco.com.au/,http://www.teco.com.au/
Greenhouse and Energy Minimum Standards (Rotary Clothes Dryers) Determination 2012,Teco,5,False,Autosensing,China,,,Each individual model number listed above,CD5003A,AS/NZS 2442.1:1996,225,2.00683301501,2.0,"Full heat, extra dry",170.0,"Australia,New Zealand",Approved,48914,3.973,,Vented,,2015-02-10,,Single product class,Unavailable,http://www.teco.com.au/,http://www.teco.com.au/
Greenhouse and Energy Minimum Standards (Rotary Clothes Dryers) Determination 2012,Teco,5,False,Autosensing,China,,,Each individual model number listed above,CD5004A,AS/NZS 2442.1:1996,225,2.00683301501,2.0,"Full heat, extra dry",170.0,"Australia,New Zealand",Approved,48914,3.973,,Vented,,2015-02-10,,Single product class,Unavailable,http://www.teco.com.au/,http://www.teco.com.au/
Greenhouse and Energy Minimum Standards (Rotary Clothes Dryers) Determination 2012,LG,4.5,True,Autosensing,"""Korea, Republic of""",640.0,850.0,,WD14030FD6,AS/NZS 2442.1:1996,220,1.49681452016,1.0,Dry Only; 1400 rpm; Eco dry,268.9,"Australia,New Zealand",Approved,56681,3.608,23.8,Condenser,600.0,2016-04-16,,Single product class,Unavailable,,
Greenhouse and Energy Minimum Standards (Rotary Clothes Dryers) Determination 2012,LG,4.5,True,Autosensing,"""Korea, Republic of""",640.0,850.0,,WD14030RD6,AS/NZS 2442.1:1996,220,1.49681452016,1.0,Dry Only; 1400 rpm; Eco dry,268.9,"Australia,New Zealand",Approved,56681,3.608,23.8,Condenser,600.0,2016-04-16,,Single product class,Unavailable,,
Greenhouse and Energy Minimum Standards (Rotary Clothes Dryers) Determination 2012,BEKO,7,False,Autosensing,Turkey,,,Each individual model number listed above,DV 7220 X,AS/NZS 2442.1:1996,305,2.20533827417,2.0,Cottons-Ready to Wear Plus,173.0,"Australia,New Zealand",Approved,60763,5.53,,Vented,,2016-09-05,,Single product class,Unavailable,http://www.beko.com/,
Greenhouse and Energy Minimum Standards (Rotary Clothes Dryers) Determination 2012,EURO,5,True,Autosensing,"""Korea, Republic of""",645.0,850.0,,EWD85KFW,AS/NZS 2442.1:1996/Amdt 4:2006,220,2.14511140462,2.0,Cupboard,212.0,"Australia,Fiji,New Zealand",Approved,71942,4.004,44.86,Condenser,600.0,2018-06-02,,Single product class,Unavailable,http://www.euroappliances.com.au/,http://www.euroappliances.com.au
Greenhouse and Energy Minimum Standards (Rotary Clothes Dryers) Determination 2012,AEG,8,False,Autosensing,Poland,,,Each individual model number listed above,T76280AC,AS/NZS 2442.1:1996,357,2.05832393792,2.0,Cottons Extra Dry Max Dryness,221.0,"Australia,New Zealand",Approved,60029,6.386,,Condenser,,2016-08-01,,Single product class,Unavailable,,http://www.aeg.com
Greenhouse and Energy Minimum Standards (Rotary Clothes Dryers) Determination 2012,SIMPSON,5,False,Autosensing,Thailand,,,Each individual model number listed above,39S505E,AS/NZS 2442.1:1996,224,2.03424120901,2.0,Hot,133.0,"Australia,New Zealand",Approved,59473,3.957,,Vented,,2016-07-25,,Single product class,Unavailable,,http://www.simpson.com.au
Greenhouse and Energy Minimum Standards (Rotary Clothes Dryers) Determination 2012,SIMPSON,6,False,Timer,Thailand,,,Each individual model number listed above,39S600,AS/NZS 2442.1:1996,279,1.80507299281,1.5,Hot,137.0,"Australia,New Zealand",Approved,59470,4.68,,Vented,,2016-07-25,,Single product class,Unavailable,,http://www.simpson.com.au
Greenhouse and Energy Minimum Standards (Rotary Clothes Dryers) Determination 2012,SIMPSON,5,False,Timer,"Australia,Thailand",,,Each individual model number listed above,39S500,AS/NZS 2442.1:1996,231,1.84489921198,1.5,Hot,117.0,"Australia,New Zealand",Approved,59469,3.903,,Vented,,2016-07-25,,Single product class,Unavailable,,http://www.simpson.com.au
Greenhouse and Energy Minimum Standards (Rotary Clothes Dryers) Determination 2012,SIMPSON,4,False,Timer,Thailand,,,Each individual model number listed above,39P400,AS/NZS 2442.1:1996,189,1.70662082237,1.5,Hot,95.0,"Australia,New Zealand",Approved,59467,3.123,,Vented,,2016-07-25,,Single product class,Unavailable,,http://www.simpson.com.au
Greenhouse and Energy Minimum Standards (Rotary Clothes Dryers) Determination 2012,ARISTON,5.5,True,Autosensing,Italy,,,single,AQXXMD 129,AS/NZS 2442.1:1996,227,2.53883605486,2.5,No 11 Cottons Cupboard dry,240.0,"Australia,New Zealand",Approved,50071,4.395,34.9,Condenser,,2015-05-24,,Single product class,Unavailable,,
Greenhouse and Energy Minimum Standards (Rotary Clothes Dryers) Determination 2012,ARISTON,5.5,True,Autosensing,Italy,,,single,AQM9D 29 U,AS/NZS 2442.1:1996,227,2.53883605486,2.5,No 11 Cottons Cupboard dry,240.0,"Australia,New Zealand",Approved,50071,4.395,34.9,Condenser,,2015-05-24,,Single product class,Unavailable,,
Greenhouse and Energy Minimum Standards (Rotary Clothes Dryers) Determination 2012,INDESIT,4.5,True,Autosensing,"Italy,Poland",,,Each individual model number listed above,IWDC 7125 B,AS/NZS 2442.1:1996,193,2.3024890213,2.0,Cotton wardrobe (Cupboard) Dry,275.0,"Australia,New Zealand",Approved,45367,3.616,33.05,Condenser,,2014-08-31,,Single product class,Unavailable,,http://www.indesit.com.au
Greenhouse and Energy Minimum Standards (Rotary Clothes Dryers) Determination 2012,ASKO,6,False,Autosensing,Sweden,595.0,850.0,Each individual model number listed above,TDC111V,AS/NZS 2442.1:1996,270,2.00683301501,2.0,P3 Auto Normal Dry,112.0,Australia,Approved,56383,4.83,,Vented,595.0,2016-05-03,,Single product class,Unavailable,http://asko.com.au/,http://www.asko.com.au
Greenhouse and Energy Minimum Standards (Rotary Clothes Dryers) Determination 2012,MIELE,7,False,Autosensing,Germany,596.0,595.0,Each individual model number listed above,T 8827 WP,AS/NZS 2442.1:1996,156,6.33073936701,6.0,Cottons Normal Plus,158.0,"Australia,New Zealand",Approved,51812,5.503,,Condenser,850.0,2015-07-14,,Single product class,Unavailable,http://www.miele.com.au/,http://www.miele.com.au
Greenhouse and Energy Minimum Standards (Rotary Clothes Dryers) Determination 2012,FISHER & PAYKEL,5,False,Timer,Thailand,,,Each individual model number listed above,DE50F56A*,AS/NZS 2442.1:1996,244,1.5,1.5,Regular,134.0,"Australia,New Zealand",Approved,57340,3.918,,Vented,,2016-07-06,,Single product class,Available,,http://www.fisherpaykel.com
Greenhouse and Energy Minimum Standards (Rotary Clothes Dryers) Determination 2012,Coldstream,6,False,Autosensing,China,,,Each individual model number listed above,GDZ60-09E(W),AS/NZS 2442.1:1996,265,2.12184812783,2.0,Extra Dry/Full Load,230.0,Australia,Approved,53577,4.702,,Vented,,2015-11-17,,Single product class,Unavailable,,http://N/A
Greenhouse and Energy Minimum Standards (Rotary Clothes Dryers) Determination 2012,EUROMAID,6,False,Autosensing,Turkey,,,Each individual model number listed above,COND6KG,AS/NZS 2442.1:1996,291,1.54595557504,1.5,Cottons-Ready to Wear,187.0,"Australia,New Zealand",Approved,60780,4.852,,Condenser,,2016-09-05,,Single product class,Unavailable,,
Greenhouse and Energy Minimum Standards (Rotary Clothes Dryers) Determination 2012,FISHER & PAYKEL,5,False,Autosensing,Thailand,,,Each individual model number listed above,DE50F56E*,AS/NZS 2442.1:1996,217,2.22,2.0,Regular,135.0,"Australia,New Zealand",Approved,57270,3.923,,Vented,,2016-07-06,,Single product class,Available,,http://www.fisherpaykel.com
Greenhouse and Energy Minimum Standards (Rotary Clothes Dryers) Determination 2012,HAIER,6,False,Autosensing,China,,,Each individual model number listed above,HDY-D60,AS/NZS 2442.1:1996,284,1.69577830083,1.5,Extra Dry,184.0,"Australia,New Zealand",Approved,56753,4.747,,Vented,,2016-04-25,,Single product class,Available,,
Greenhouse and Energy Minimum Standards (Rotary Clothes Dryers) Determination 2012,BMC,5,False,Autosensing,China,,,Each individual model number listed above,BDR501,AS/NZS 2442.1:1996,211,2.4021240062,2.0,Extra Dry + Full,170.0,"Australia,New Zealand",Approved,58152,3.96,,Vented,,2016-06-06,,Single product class,Unavailable,,http://NA
Greenhouse and Energy Minimum Standards (Rotary Clothes Dryers) Determination 2012,ONIX,4,False,Timer,China,,,Each individual model number listed above,GYJ40-88,AS/NZS 2442.1:1996,180,2.00683301501,2.0,Strong Heat ,200.0,"Australia,New Zealand",Approved,52603,3.116,,Vented,,2015-11-01,,Single product class,Unavailable,,
Greenhouse and Energy Minimum Standards (Rotary Clothes Dryers) Determination 2012,HOOVER,5,True,Autosensing,Italy,600.0,850.0,Each individual model number listed above,WDYN 9646P,AS/NZS 2442.1:1996,178,3.44861492088,3.0,"Cottons, Extra dry",211.0,"Australia,New Zealand",Approved,51613,4.822,47.0,Condenser,600.0,2015-07-19,,Single product class,Available,http://www.candy-group.com/,http://www.andico.com.au
Greenhouse and Energy Minimum Standards (Rotary Clothes Dryers) Determination 2012,SAMSUNG ELECTRONICS,6,True,Autosensing,China,,,,WD856UHSAWQ,AS/NZS 2442.1:1996/Amdt 4:2006,290,1.56713676422,1.5,"Drying, Intensive Wash, 1200rpm",360.0,"Australia,Fiji,New Zealand",Approved,72352,4.703,95.0,Condenser,,2018-05-27,,Single product class,Available,,http://www.samsung.com.au
Greenhouse and Energy Minimum Standards (Rotary Clothes Dryers) Determination 2012,SAMSUNG ELECTRONICS,7,False,Autosensing,"""Korea, Republic of""",660.0,860.0,,DV70H4400CW,AS/NZS 2442.1:1996/Amdt 4:2006,339,1.5550243009,1.5,"Cotton Extra Dry, Drying Level High",134.0,"Australia,Fiji,New Zealand",Approved,80082,5.77,0.0,Condenser,600.0,2019-05-06,,Single product class,Available,,http://www.samsung.com.au
Greenhouse and Energy Minimum Standards (Rotary Clothes Dryers) Determination 2012,Hafele,3.5,True,Autosensing,China,640.0,845.0,,533.98.001,AS/NZS 2442.1:1996/Amdt 4:2006,134,3.00109047667,3.0,Spin 1200rpm + Cottons Drying 198 min,235.2,"Australia,Fiji,New Zealand",Approved,79496,2.721,210.0,Condenser,595.0,2019-04-01,,Single product class,Available,,http://www.hafele.com.au
Greenhouse and Energy Minimum Standards (Rotary Clothes Dryers) Determination 2012,euro,3.5,True,Timer,China,,,,EFD735CW,AS/NZS 2442.1:1996/Amdt 4:2006,148,2.38963878842,2.0,Cottons FDrying 198 min,198.0,"Australia,Fiji,New Zealand",Approved,61855,3.433,59.5,Condenser,,2016-10-31,,Single product class,Available,,
Greenhouse and Energy Minimum Standards (Rotary Clothes Dryers) Determination 2012,SIGNATURE,6,False,Autosensing,China,,,Each individual model number listed above,SIG-60Q1E,AS/NZS 2442.1:1996,266,2.09867247188,2.0,Tumble dryer,300.0,"Australia,Fiji,New Zealand",Approved,48726,4.69,,Vented,,2015-02-09,,Single product class,Unavailable,,http://www.blueway.com.au
Greenhouse and Energy Minimum Standards (Rotary Clothes Dryers) Determination 2012,ELECTROLUX,5,False,Autosensing,Thailand,,,Each individual model number listed above,EDV505,AS/NZS 2442.1:1996,222,2.08942659579,2.0,Normal Dry,132.0,"Australia,Fiji,New Zealand",Approved,46357,4.042,,Vented,,2014-12-14,,Single product class,Unavailable,,http://www.electrolux.com.au
Greenhouse and Energy Minimum Standards (Rotary Clothes Dryers) Determination 2012,Hafele,3.5,True,Autosensing,China,640.0,845.0,,533.98.000,AS/NZS 2442.1:1996/Amdt 4:2006,134,3.00109047667,3.0,Single Spin 1200rpm + Cottons Drying 198 min,235.2,"Australia,Fiji,New Zealand",Approved,78171,2.721,210.0,Condenser,595.0,2019-01-10,,Single product class,Available,,http://www.hafele.com.au
Greenhouse and Energy Minimum Standards (Rotary Clothes Dryers) Determination 2012,SAMSUNG ELECTRONICS,7,True,Autosensing,"""Korea, Republic of""",,,,WD10F7S7SRP,AS/NZS 2442.1:1996/Amdt 4:2006,305,2.20533827417,2.0,"Drying, 1000rpm, Cupboard",362.0,"Australia,Fiji,New Zealand",Approved,72027,5.589,95.2,Condenser,,2018-05-22,,Single product class,Available,,http://www.samsung.com.au
Greenhouse and Energy Minimum Standards (Rotary Clothes Dryers) Determination 2012,Euroclean,6,False,Autosensing,China,545.0,840.0,,EC-600-5,AS/NZS 2442.1:1996/Amdt 4:2006,263,2.16846296729,2.0,Cott+/Full Heat,200.0,Australia,Approved,70793,4.8166,,Vented,595.0,2018-03-25,,Single product class,Unavailable,,
Greenhouse and Energy Minimum Standards (Rotary Clothes Dryers) Determination 2012,Smeg,7,False,Autosensing,Turkey,,,,SAHP7,AS/NZS 2442.1:1996/Amdt 4:2006,163,6.06065271499,6.0,Cottons-Extra Dry,225.0,"Australia,New Zealand",Approved,70225,5.59,0.0,Condenser,,2018-01-25,,Single product class,Available,,http://www.smeg.com.au
Greenhouse and Energy Minimum Standards (Rotary Clothes Dryers) Determination 2012,Smeg,5.5,True,Timer,Italy,550.0,850.0,,SAWD814,AS/NZS 2442.1:1996/Amdt 4:2006,147,5.21247802411,5.0,"Dry program, 220 min, 1400rpm",165.7,"Australia,New Zealand",Approved,69191,3.108,67.8,Condenser,595.0,2017-11-12,,Single product class,Available,http://www.jp-industries.com/,http://www.smeg.com.au
Greenhouse and Energy Minimum Standards (Rotary Clothes Dryers) Determination 2012,MEC,6,False,Autosensing,China,530.0,840.0,,MECCD06,AS/NZS 2442.1:1996/Amdt 4:2006,265,2.12184812783,2.0,"Full Heat, Extra Dry",230.0,Australia,Approved,69038,4.702,,Vented,595.0,2017-11-29,,Single product class,Unavailable,,
Greenhouse and Energy Minimum Standards (Rotary Clothes Dryers) Determination 2012,Euromaid,4,False,Timer,China,435.0,700.0,,DM4KG,AS/NZS 2442.1:1996/Amdt 4:2006,180,2.00683301501,2.0,"200 minutes, strong heat",132.0,"Australia,Fiji,New Zealand",Approved,68888,3.116,,Vented,600.0,2017-11-01,,Single product class,Unavailable,http://www.thinkglobal.net.cn/,http://www.thinkglobal.net.cn/
Greenhouse and Energy Minimum Standards (Rotary Clothes Dryers) Determination 2012,EURO,6,False,Autosensing,China,545.0,840.0,,E6KDEW,AS/NZS 2442.1:1996/Amdt 4:2006,265,2.12184812783,2.0,Extra dry,207.0,"Australia,Fiji,New Zealand",Approved,72582,4.84,,Vented,595.0,2018-06-06,,Single product class,Unavailable,http://cell-sun.com/,http://www.euroappliances.com.au
Greenhouse and Energy Minimum Standards (Rotary Clothes Dryers) Determination 2012,GVA,4,False,Timer,China,,,Each individual model number listed above,GVA4KG,AS/NZS 2442.1:1996,180,2.00683301501,2.0,Strong Heat ,200.0,"Australia,New Zealand",Approved,57133,3.116,,Vented,,2016-05-10,,Single product class,Available,,
Greenhouse and Energy Minimum Standards (Rotary Clothes Dryers) Determination 2012,LG,4,True,Autosensing,"""Korea, Republic of""",850.0,550.0,,WD1402CRD6,AS/NZS 2442.1:1996/Amdt 4:2006,190,1.67415040728,1.5,"Cupboard Dry, 1400rpm",264.0,"Australia,New Zealand",Approved,70529,3.158,25.0,Condenser,600.0,2018-02-12,,Single product class,Unavailable,,
Greenhouse and Energy Minimum Standards (Rotary Clothes Dryers) Determination 2012,Smeg,3,True,Timer,Italy,550.0,850.0,,SAWD612,AS/NZS 2442.1:1996/Amdt 4:2006,134,2.05258139958,2.0,"Dry Program, 220 min, 1200 RPM",185.5,"Australia,New Zealand",Approved,69132,2.335,50.8,Condenser,595.0,2017-11-06,,Single product class,Available,http://www.jp-industries.com/,http://www.smeg.com.au
Greenhouse and Energy Minimum Standards (Rotary Clothes Dryers) Determination 2012,TELMANN,4,False,Timer,China,,,,GYJ40-88 ,AS/NZS 2442.1:1996/Amdt 4:2006,180,2.00683301501,2.0,Strong Dry program,200.0,"Australia,New Zealand",Approved,66717,3.166,,Vented,,2017-09-12,,Single product class,Unavailable,,
Greenhouse and Energy Minimum Standards (Rotary Clothes Dryers) Determination 2012,STIRLING,4,False,Timer,China,,,,GYJ40-88 ,AS/NZS 2442.1:1996/Amdt 4:2006,180,2.00683301501,2.0,Strong Dry program,200.0,"Australia,New Zealand",Approved,65964,3.166,,Vented,,2017-07-10,,Single product class,Available,,
Greenhouse and Energy Minimum Standards (Rotary Clothes Dryers) Determination 2012,LG,8,False,Autosensing,"""Korea, Republic of""",,,single,TD-C800E,AS/NZS 2442.1:1996,356,2.07558377919,2.0,Cotton Extra Dry,235.0,"Australia,New Zealand",Approved,46740,6.297,,Condenser,,2014-10-25,,Single product class,Unavailable,,http://www.lge.com
Greenhouse and Energy Minimum Standards (Rotary Clothes Dryers) Determination 2012,LG,8,False,Autosensing,"""Korea, Republic of""",,,single,TD-C809E,AS/NZS 2442.1:1996,356,2.07558377919,2.0,Cotton Extra Dry,235.0,"Australia,New Zealand",Approved,46740,6.297,,Condenser,,2014-10-25,,Single product class,Unavailable,,http://www.lge.com
Greenhouse and Energy Minimum Standards (Rotary Clothes Dryers) Determination 2012,BOSCH,6,False,Autosensing,Poland,,,single,WTW84360AU,AS/NZS 2442.1:1996,117,7.1523753022,6.0,Cottons Cupboard Dry Extra,200.0,"Australia,Fiji,New Zealand",Approved,56174,5.194,,Condenser,,2016-03-15,,Single product class,Unavailable,,http://www.bosch-home.com.au/
Greenhouse and Energy Minimum Standards (Rotary Clothes Dryers) Determination 2012,SIEMENS,6.5,False,Autosensing,Poland,,,single,WT46W560AU,AS/NZS 2442.1:1996,128,7.09199081974,6.0,Cottons Cupboard Dry,160.0,"Australia,New Zealand",Approved,55669,5.16,,Condenser,,2016-02-09,,Single product class,Unavailable,,http://www.siemens-home.com.au/
Greenhouse and Energy Minimum Standards (Rotary Clothes Dryers) Determination 2012,SIEMENS,8,False,Autosensing,Poland,,,single,WT46S592AU,AS/NZS 2442.1:1996,358,2.04111237598,2.0,"Cottons, Cupboard Dry Extra, heat setting 0",206.0,"Australia,New Zealand",Approved,54434,6.384,,Condenser,,2015-10-28,,Single product class,Unavailable,,http://www.siemens-home.com.au/
Greenhouse and Energy Minimum Standards (Rotary Clothes Dryers) Determination 2012,BOSCH,6.5,False,Autosensing,Poland,,,single,WTW84360AU,AS/NZS 2442.1:1996,117,7.64488843849,6.0,Cottons Cupboard Dry Extra,200.0,"Australia,Fiji,New Zealand",Approved,52098,5.194,,Condenser,,2015-08-10,,Single product class,Unavailable,,http://www.bosch-home.com.au/
Greenhouse and Energy Minimum Standards (Rotary Clothes Dryers) Determination 2012,BOSCH,7,False,Autosensing,Poland,,,Each individual model number listed above,WTE84101AU,AS/NZS 2442.1:1996,314,2.02639783079,2.0,Cottons Very Dry,181.0,"Australia,New Zealand",Approved,50082,5.534,,Condenser,,2015-05-17,,Single product class,Unavailable,,http://www.bosch-home.com.au/
Greenhouse and Energy Minimum Standards (Rotary Clothes Dryers) Determination 2012,BOSCH,8,False,Autosensing,Poland,,,Each individual model number listed above,WTE86302AU,AS/NZS 2442.1:1996,355,2.09289217143,2.0,Cottons Very Dry,1.0,"Australia,New Zealand",Approved,49562,6.348,,Condenser,,2015-04-05,,Single product class,Unavailable,,http://www.bosch-home.com.au/
Greenhouse and Energy Minimum Standards (Rotary Clothes Dryers) Determination 2012,Haier,6,False,Autosensing,China,560.0,830.0,,HDY-E60,AS/NZS 2442.1:1996/Amdt 4:2006,285,1.67415040728,1.5,Extra Dry,0.0,"Australia,New Zealand",Approved,79177,4.834,,Vented,600.0,2019-02-25,,Single product class,Available,http://www.haier.cn/,http://www.haier.com.au/
Greenhouse and Energy Minimum Standards (Rotary Clothes Dryers) Determination 2012,AEG,9,False,Autosensing,Poland,,,,T96690IH,AS/NZS 2442.1:1996/Amdt 4:2006,198,6.41013568641,6.0,"Cottons Extra Dry, Max Dryness",329.0,"Australia,New Zealand",Approved,63406,7.168,0.0,Condenser,,2017-01-29,,Single product class,Available,,http://www.aeg.com
Greenhouse and Energy Minimum Standards (Rotary Clothes Dryers) Determination 2012,V-ZUG,6,False,Autosensing,,600.0,850.0,single,296,AS/NZS 2442.1:1996,149,5.66471862187,5.5,"Normal dry, Dryness setting 4",132.0,"Australia,New Zealand",Approved,43662,4.752,,Condenser,595.0,2014-08-03,,Single product class,Unavailable,,http://www.vzug.com.au
Greenhouse and Energy Minimum Standards (Rotary Clothes Dryers) Determination 2012,BOSCH,6,False,Autosensing,Poland,,,,WTC84101AU,AS/NZS 2442.1:1996/Amdt 4:2006,270,2.00683301501,2.0,Regular / Cotton Very Dry,140.0,"Australia,New Zealand",Approved,72461,4.762,0.0,Condenser,,2018-06-11,,Single product class,Unavailable,,http://www.bosch-home.com.au/
Greenhouse and Energy Minimum Standards (Rotary Clothes Dryers) Determination 2012,LG,7.5,True,Autosensing,"""Korea, Republic of""",767.0,982.0,,WD12595FD6,AS/NZS 2442.1:1996/Amdt 4:2006,311,2.50999039111,2.5,Cotton ECo Extra High Spin,307.0,"Australia,New Zealand",Approved,71851,5.982,42.0,Condenser,686.0,2018-04-22,,Single product class,Unavailable,,
Greenhouse and Energy Minimum Standards (Rotary Clothes Dryers) Determination 2012,Haier,4,False,Timer,China,,,,HDY-M40,AS/NZS 2442.1:1996/Amdt 4:2006,230,0.498562816633,1.0,200 min,200.0,"Australia,Fiji,New Zealand",Approved,74329,3.11,,Vented,,2018-08-29,,Single product class,Unavailable,http://www.haier.cn/,http://www.haier.com.au/
Greenhouse and Energy Minimum Standards (Rotary Clothes Dryers) Determination 2012,BOSCH,6,False,Autosensing,Poland,,,,WTC84100AU,AS/NZS 2442.1:1996/Amdt 4:2006,270,2.00683301501,2.0,Regular / Cotton Very Dry,140.0,"Australia,New Zealand",Approved,63419,4.762,0.0,Condenser,,2017-01-29,,Single product class,Unavailable,,http://www.bosch-home.com.au/
Greenhouse and Energy Minimum Standards (Rotary Clothes Dryers) Determination 2012,BOSCH,8,False,Autosensing,Poland,,,,WTE86303AU,AS/NZS 2442.1:1996/Amdt 4:2006,355,2.09289217143,2.0,Cottons Very Dry,203.0,"Australia,New Zealand",Approved,61657,6.348,0.0,Condenser,,2016-11-05,,Single product class,Unavailable,,http://www.bosch-home.com.au/
Greenhouse and Energy Minimum Standards (Rotary Clothes Dryers) Determination 2012,ELECTROLUX,5,True,Autosensing,Thailand,,,,EWW12832,AS/NZS 2442.1:1996/Amdt 4:2006,174,3.58846479036,3.5,"Drying Cottons, Dryness Extra",194.0,"Australia,Fiji,New Zealand",Approved,73480,4.038,27.6,Condenser,,2018-08-06,,Single product class,Available,,http://www.electrolux.com.au
Greenhouse and Energy Minimum Standards (Rotary Clothes Dryers) Determination 2012,ARISTON,5.5,True,Autosensing,Italy,630.0,840.0,Each individual model number listed above,WDG 8629B AUS,AS/NZS 2442.1:1996/Amdt 4:2006,210,3.01781094723,3.0,program no 12 Cotton,296.0,"Australia,Fiji,New Zealand",Approved,72655,4.28967,25.17,Condenser,600.0,2018-06-24,,Single product class,Unavailable,,http://www.indesit.com.au
Greenhouse and Energy Minimum Standards (Rotary Clothes Dryers) Determination 2012,ARISTON,5.5,True,Autosensing,Italy,630.0,840.0,Each individual model number listed above,WDL 8629B AUS,AS/NZS 2442.1:1996/Amdt 4:2006,210,3.01781094723,3.0,program no 12 Cotton,296.0,"Australia,Fiji,New Zealand",Approved,72655,4.28967,25.17,Condenser,600.0,2018-06-24,,Single product class,Unavailable,,http://www.indesit.com.au
Greenhouse and Energy Minimum Standards (Rotary Clothes Dryers) Determination 2012,EUROMAID,6,False,Autosensing,Turkey,530.0,846.0,,CD6KG,AS/NZS 2442.1:1996/Amdt 4:2006,280,1.78305819515,1.5,cotton-Extra Dry,163.0,"Australia,New Zealand",Approved,71569,4.777,0.0,Condenser,595.0,2018-04-13,,Single product class,Unavailable,,
Greenhouse and Energy Minimum Standards (Rotary Clothes Dryers) Determination 2012,LG,8,False,Autosensing,"""Korea, Republic of""",,,,TD-C8035E,AS/NZS 2442.1:1996/Amdt 4:2006,356,2.07558377919,2.0,Cotton Extra,235.0,"Australia,New Zealand",Approved,71363,6.297,0.0,Condenser,,2018-04-08,,Single product class,Available,,
Greenhouse and Energy Minimum Standards (Rotary Clothes Dryers) Determination 2012,MISTRAL,6,False,Timer,China,600.0,700.0,,MTD6,AS/NZS 2442.1:1996/Amdt 4:2006,266,2.09867247188,2.0,"strong heat program,  used once per week",200.0,"Australia,New Zealand",Approved,71360,4.701,,Vented,600.0,2018-05-07,,Single product class,Unavailable,,
Greenhouse and Energy Minimum Standards (Rotary Clothes Dryers) Determination 2012,Ariston,8,False,Autosensing,United Kingdom,,,,TCF 87B 6H1,AS/NZS 2442.1:1996/Amdt 4:2006,355,2.09289217143,2.0,"Program 1 Cotton, Extra Dry, High Heat",196.0,"Australia,Fiji,New Zealand",Approved,71101,6.4494,0.0,Condenser,,2018-05-23,,Single product class,Available,,
Greenhouse and Energy Minimum Standards (Rotary Clothes Dryers) Determination 2012,Ariston,7,False,Autosensing,United Kingdom,,,The family name designated above,TVF 75C 6H1; TVL 75C 6P1,AS/NZS 2442.1:1996/Amdt 4:2006,295,2.41046158116,2.0,"Program 1 Cotton, Extra Dry, High Heat",158.0,"Australia,Fiji,New Zealand",Approved,70760,5.464,,Vented,,2018-05-23,,Single product class,Available,,
Greenhouse and Energy Minimum Standards (Rotary Clothes Dryers) Determination 2012,Smeg,8,False,Autosensing,Turkey,,,,SACD8,AS/NZS 2442.1:1996/Amdt 4:2006,350,2.18017206575,2.0,Cottons-Extra Dry,207.0,"Australia,New Zealand",Approved,70265,6.411,0.0,Condenser,,2018-02-06,,Single product class,Available,http://www.arcelik.com.tr/,http://www.smeg.com.au
Greenhouse and Energy Minimum Standards (Rotary Clothes Dryers) Determination 2012,LG,4,True,Autosensing,"""Korea, Republic of""",850.0,550.0,,WD14022RD6,AS/NZS 2442.1:1996/Amdt 4:2006,190,1.67415040728,1.5,"Cupboard Dry, 1400rpm",264.0,"Australia,New Zealand",Approved,69858,3.158,25.0,Condenser,600.0,2017-12-17,,Single product class,Unavailable,,
Greenhouse and Energy Minimum Standards (Rotary Clothes Dryers) Determination 2012,HOOVER,7,False,Autosensing,Turkey,600.0,850.0,,DYC 9713AX,AS/NZS 2442.1:1996/Amdt 4:2006,159,6.21353335889,6.0,Bone Dry,245.0,"Australia,New Zealand",Approved,64658,5.561,0.0,Condenser,600.0,2017-05-28,,Single product class,Available,http://www.candy-group.com/,http://www.andico.com.au
Greenhouse and Energy Minimum Standards (Rotary Clothes Dryers) Determination 2012,SAMSUNG ELECTRONICS,8,False,Autosensing,"""Korea, Republic of""",660.0,860.0,,DV80H4100CW,AS/NZS 2442.1:1996/Amdt 4:2006,379,1.69036419632,1.5,"Cotton Extra Dry, Drying Level High",134.0,"Australia,Fiji,New Zealand",Approved,80706,6.603,0.0,Condenser,600.0,2019-05-06,,Single product class,Available,,http://www.samsung.com.au
Greenhouse and Energy Minimum Standards (Rotary Clothes Dryers) Determination 2012,MIELE,7,False,Autosensing,"Germany,Czech Republic",,,,T 8929 WP,AS/NZS 2442.1:1996/Amdt 4:2006,127,7.59624684621,6.0,Cottons Normal Plus,167.0,"Australia,New Zealand",Approved,62870,5.525,0.0,Condenser,,2017-02-06,,Single product class,Unavailable,http://www.miele.com.au/,http://www.miele.com.au
Greenhouse and Energy Minimum Standards (Rotary Clothes Dryers) Determination 2012,MXT,5,False,Autosensing,China,,,single,MCD5E,AS/NZS 2442.1:1996,225,2.00683301501,2.0,Full Heat; Extra Dry,150.0,"Australia,New Zealand",Approved,57515,3.973,,Vented,,2016-05-07,,Single product class,Unavailable,,http://goldtech2000@163.com
Greenhouse and Energy Minimum Standards (Rotary Clothes Dryers) Determination 2012,BEKO,6,False,Autosensing,Turkey,,,Each individual model number listed above,DV 6120 X,AS/NZS 2442.1:1996,266,2.09867247188,2.0,Cottons-Ready to Wear,150.0,"Australia,New Zealand",Approved,60677,4.833,,Vented,,2016-09-05,,Single product class,Unavailable,http://www.beko.com/,
Greenhouse and Energy Minimum Standards (Rotary Clothes Dryers) Determination 2012,MIELE,6.5,False,Autosensing,"Germany,Czech Republic",,,,PT 7135 C,AS/NZS 2442.1:1996/Amdt 4:2006,316,1.53133427062,1.5,Cottons Normal +,174.0,"Australia,New Zealand",Approved,73477,5.185,0.0,Condenser,,2018-08-13,,Single product class,Available,http://www.miele.com.au/,http://www.miele.com.au
Greenhouse and Energy Minimum Standards (Rotary Clothes Dryers) Determination 2012,BOSCH,8,False,Autosensing,Poland,,,,WTB86200AU,AS/NZS 2442.1:1996/Amdt 4:2006,360,2.00683301501,2.0,Cottons Cupboard Dry Extra,200.0,"Australia,Fiji,New Zealand",Approved,80268,6.3,0.0,Condenser,,2019-04-15,,Single product class,Available,,http://www.bosch-home.com.au/
Greenhouse and Energy Minimum Standards (Rotary Clothes Dryers) Determination 2012,BOSCH,6.5,False,Autosensing,Poland,,,,WTW86200AU,AS/NZS 2442.1:1996/Amdt 4:2006,120,7.48910469033,6.0,Cottons Cupboard Dry Plus,178.5,"Australia,New Zealand",Approved,76386,5.182,0.0,Condenser,,2018-10-21,,Single product class,Available,,http://www.bosch-home.com.au/
Greenhouse and Energy Minimum Standards (Rotary Clothes Dryers) Determination 2012,ELECTROLUX,7,False,Autosensing,Poland,,,Each individual model number listed above,EDI97170W,AS/NZS 2442.1:1996,296,2.38963878842,2.0,Cotton Extra; Min Dryness,174.0,"Australia,New Zealand",Approved,55402,5.516,,Condenser,,2015-12-19,,Single product class,Unavailable,,http://www.electrolux.com.au
Greenhouse and Energy Minimum Standards (Rotary Clothes Dryers) Determination 2012,ELECTROLUX,3.5,True,Autosensing,Thailand,,,Each individual model number listed above,EWW1273,AS/NZS 2442.1:1996,142,2.64428737792,2.5,"Cottons, Auto Dry, Extra Dry ",131.0,"Australia,Fiji,New Zealand",Approved,47341,2.743,29.8,Condenser,,2014-11-26,,Single product class,Unavailable,,http://www.electrolux.com.au
Greenhouse and Energy Minimum Standards (Rotary Clothes Dryers) Determination 2012,ELECTROLUX,6,False,Autosensing,Thailand,,,Each individual model number listed above,EDV605,AS/NZS 2442.1:1996,267,2.07558377919,2.0,Normal Dry,151.0,"Australia,Fiji,New Zealand",Approved,46899,4.84,,Vented,,2014-12-15,,Single product class,Unavailable,,http://www.electrolux.com.au
Greenhouse and Energy Minimum Standards (Rotary Clothes Dryers) Determination 2012,ELECTROLUX,6,False,Autosensing,Thailand,,,Each individual model number listed above,EDV605S,AS/NZS 2442.1:1996,267,2.07558377919,2.0,Normal Dry,151.0,"Australia,Fiji,New Zealand",Approved,46899,4.84,,Vented,,2014-12-15,,Single product class,Unavailable,,http://www.electrolux.com.au
Greenhouse and Energy Minimum Standards (Rotary Clothes Dryers) Determination 2012,ELECTROLUX,6,False,Autosensing,Thailand,,,Each individual model number listed above,EDV605G,AS/NZS 2442.1:1996,267,2.07558377919,2.0,Normal Dry,151.0,"Australia,Fiji,New Zealand",Approved,46899,4.84,,Vented,,2014-12-15,,Single product class,Unavailable,,http://www.electrolux.com.au
Greenhouse and Energy Minimum Standards (Rotary Clothes Dryers) Determination 2012,SAMSUNG ELECTRONICS,9,False,Autosensing,"""Korea, Republic of""",660.0,860.0,,DV90H8000HW,AS/NZS 2442.1:1996/Amdt 4:2006,192,6.59947768345,6.0,"Cotton Extra Dry, Dry Level 3",210.0,"Australia,Fiji,New Zealand",Approved,79417,7.264,0.0,Condenser,600.0,2019-04-09,,Single product class,Available,,http://www.samsung.com.au
Greenhouse and Energy Minimum Standards (Rotary Clothes Dryers) Determination 2012,SPEED QUEEN,9,False,Autosensing,United States,,,Each individual model number listed above,LDE3TRWS431AW01,AS/NZS 2442.1:1996/Amdt 4:2006,430,1.6382720002,1.5,"Automatic Regular/Delicate energy saver, Fabric selector on Perm Press/Regular",118.0,"Australia,New Zealand",Approved,74281,7.3,,Vented,,2018-09-10,,Single product class,Unavailable,http://www.comlaundry.com/,http://www.speedqueen.com
Greenhouse and Energy Minimum Standards (Rotary Clothes Dryers) Determination 2012,SPEED QUEEN,9,False,Autosensing,United States,,,Each individual model number listed above,LTE50FSP431AW12,AS/NZS 2442.1:1996/Amdt 4:2006,430,1.6382720002,1.5,"Automatic Regular/Delicate energy saver, Fabric selector on Perm Press/Regular",118.0,"Australia,New Zealand",Approved,74281,7.3,,Vented,,2018-09-10,,Single product class,Unavailable,http://www.comlaundry.com/,http://www.speedqueen.com
Greenhouse and Energy Minimum Standards (Rotary Clothes Dryers) Determination 2012,SPEED QUEEN,9,False,Autosensing,United States,,,Each individual model number listed above,LTE50FSP431AW01,AS/NZS 2442.1:1996/Amdt 4:2006,430,1.6382720002,1.5,"Automatic Regular/Delicate energy saver, Fabric selector on Perm Press/Regular",118.0,"Australia,New Zealand",Approved,74281,7.3,,Vented,,2018-09-10,,Single product class,Unavailable,http://www.comlaundry.com/,http://www.speedqueen.com
Greenhouse and Energy Minimum Standards (Rotary Clothes Dryers) Determination 2012,SPEED QUEEN,9,False,Autosensing,United States,,,Each individual model number listed above,LDE3TFGS431AW01,AS/NZS 2442.1:1996/Amdt 4:2006,430,1.6382720002,1.5,"Automatic Regular/Delicate energy saver, Fabric selector on Perm Press/Regular",118.0,"Australia,New Zealand",Approved,74281,7.3,,Vented,,2018-09-10,,Single product class,Unavailable,http://www.comlaundry.com/,http://www.speedqueen.com
Greenhouse and Energy Minimum Standards (Rotary Clothes Dryers) Determination 2012,SPEED QUEEN,9,False,Autosensing,United States,,,Each individual model number listed above,LES37AWF4350,AS/NZS 2442.1:1996/Amdt 4:2006,430,1.6382720002,1.5,"Automatic Regular/Delicate energy saver, Fabric selector on Perm Press/Regular",118.0,"Australia,New Zealand",Approved,74281,7.3,,Vented,,2018-09-10,,Single product class,Unavailable,http://www.comlaundry.com/,http://www.speedqueen.com
Greenhouse and Energy Minimum Standards (Rotary Clothes Dryers) Determination 2012,Galanz,6,False,Autosensing,China,,,Each individual model number listed above,DV-60Q5E,AS/NZS 2442.1:1996/Amdt 4:2006,260,2.23905413595,2.0,strong,180.0,"Australia,Fiji,New Zealand",Approved,76953,4.8,,Vented,,2018-11-17,,Single product class,Available,,
Greenhouse and Energy Minimum Standards (Rotary Clothes Dryers) Determination 2012,Galanz,6,False,Autosensing,China,,,Each individual model number listed above,DV-60Q5EU,AS/NZS 2442.1:1996/Amdt 4:2006,260,2.23905413595,2.0,strong,180.0,"Australia,Fiji,New Zealand",Approved,76953,4.8,,Vented,,2018-11-17,,Single product class,Available,,
Greenhouse and Energy Minimum Standards (Rotary Clothes Dryers) Determination 2012,Galanz,6,False,Autosensing,China,,,Each individual model number listed above,DV-60Q8EU,AS/NZS 2442.1:1996/Amdt 4:2006,260,2.23905413595,2.0,strong,180.0,"Australia,Fiji,New Zealand",Approved,76953,4.8,,Vented,,2018-11-17,,Single product class,Available,,
Greenhouse and Energy Minimum Standards (Rotary Clothes Dryers) Determination 2012,Galanz,6,False,Autosensing,China,,,Each individual model number listed above,DV-60Q9EU,AS/NZS 2442.1:1996/Amdt 4:2006,260,2.23905413595,2.0,strong,180.0,"Australia,Fiji,New Zealand",Approved,76953,4.8,,Vented,,2018-11-17,,Single product class,Available,,
Greenhouse and Energy Minimum Standards (Rotary Clothes Dryers) Determination 2012,SIEMENS,8,False,Autosensing,Poland,,,,WT46B210AU,AS/NZS 2442.1:1996/Amdt 4:2006,360,2.00683301501,2.0,Cottons Cupboard Dry Extra,200.0,"Australia,Fiji",Approved,76518,6.3,0.0,Condenser,,2019-04-21,,Single product class,Available,,http://www.siemens-home.com.au/
Greenhouse and Energy Minimum Standards (Rotary Clothes Dryers) Determination 2012,V-ZUG,7,False,Autosensing,Switzerland,600.0,850.0,,12002,AS/NZS 2442.1:1996/Amdt 4:2006,106,8.7084126284,6.0,"Normal dry, Dryness setting 4",165.0,"Australia,New Zealand",Approved,73717,5.526,0.0,Condenser,600.0,2018-08-16,,Single product class,Available,,http://www.vzug.com.au
Greenhouse and Energy Minimum Standards (Rotary Clothes Dryers) Determination 2012,RANKARENA,3.5,True,Autosensing,China,640.0,845.0,,XQG70-DA112PE,AS/NZS 2442.1:1996/Amdt 4:2006,134,3.00109047667,3.0,Cottons Drying 198 min Program,198.0,"Australia,Fiji,New Zealand",Approved,74986,2.721,0.0,Condenser,595.0,2019-04-22,,Single product class,Unavailable,http://www.crossmarkasia.com/,
Greenhouse and Energy Minimum Standards (Rotary Clothes Dryers) Determination 2012,ELECTROLUX,6,False,Autosensing,Thailand,,,Each individual model number listed above,EDV6051,AS/NZS 2442.1:1996/Amdt 4:2006,267,2.07558377919,2.0,Normal Dry/Normal Temperature,165.0,"Australia,Fiji,New Zealand",Approved,75568,4.914,,Vented,,2018-10-01,,Single product class,Available,,http://www.electrolux.com.au
Greenhouse and Energy Minimum Standards (Rotary Clothes Dryers) Determination 2012,ELECTROLUX,6,False,Autosensing,Thailand,,,Each individual model number listed above,EDS6051,AS/NZS 2442.1:1996/Amdt 4:2006,267,2.07558377919,2.0,Normal Dry/Normal Temperature,165.0,"Australia,Fiji,New Zealand",Approved,75568,4.914,,Vented,,2018-10-01,,Single product class,Available,,http://www.electrolux.com.au
Greenhouse and Energy Minimum Standards (Rotary Clothes Dryers) Determination 2012,Smeg,7,False,Autosensing,Turkey,,,,SACD7,AS/NZS 2442.1:1996/Amdt 4:2006,313,2.04602505439,2.0,Cottons-Extra Dry,179.0,"Australia,New Zealand",Approved,70226,5.548,0.0,Condenser,,2018-02-06,,Single product class,Available,http://www.arcelik.com.tr/,http://www.smeg.com.au
Greenhouse and Energy Minimum Standards (Rotary Clothes Dryers) Determination 2012,Continental,6,False,Autosensing,China,,,single,DV-60Q3E,AS/NZS 2442.1:1996,266,2.09867247188,2.0,Cottons (Heavy),300.0,Australia,Approved,55685,4.69,,Vented,,2016-02-29,,Single product class,Unavailable,,
Greenhouse and Energy Minimum Standards (Rotary Clothes Dryers) Determination 2012,Continental,6,False,Autosensing,China,,,single,CPG-DV-60Q3E,AS/NZS 2442.1:1996,266,2.09867247188,2.0,Cottons (Heavy),300.0,Australia,Approved,55685,4.69,,Vented,,2016-02-29,,Single product class,Unavailable,,
Greenhouse and Energy Minimum Standards (Rotary Clothes Dryers) Determination 2012,BOSCH,6.5,False,Autosensing,Poland,,,Each individual model number listed above,WTW86561AU,AS/NZS 2442.1:1996,128,7.09199081974,6.0,Cottons Cupboard Dry,160.0,"Australia,New Zealand",Approved,55668,5.16,,Condenser,,2016-01-26,,Single product class,Unavailable,,http://www.bosch-home.com.au/
Greenhouse and Energy Minimum Standards (Rotary Clothes Dryers) Determination 2012,MIELE,7,False,Autosensing,Germany,596.0,595.0,Each individual model number listed above,T 8000 WP,AS/NZS 2442.1:1996,156,6.33073936701,6.0,Cottons Normal Plus,158.0,"Australia,New Zealand",Approved,55633,5.503,,Condenser,850.0,2016-01-06,,Single product class,Unavailable,http://www.miele.com.au/,http://www.miele.com.au
Greenhouse and Energy Minimum Standards (Rotary Clothes Dryers) Determination 2012,BEKO,7,False,Autosensing,Turkey,598.0,846.0,,DPY 7504 XB1,AS/NZS 2442.1:1996/Amdt 4:2006,155,6.37030946724,6.0,"Cottons Extra Dry, Dryng Level Extra",231.1,"Australia,New Zealand",Approved,79249,5.55,0.0,Condenser,595.0,2019-02-28,,Single product class,Unavailable,http://www.beko.com/,
Greenhouse and Energy Minimum Standards (Rotary Clothes Dryers) Determination 2012,BOSCH,7,False,Autosensing,Poland,,,,WTA74200AU,AS/NZS 2442.1:1996/Amdt 4:2006,315,2.00683301501,2.0,Cottons Extra Dry,170.0,"Australia,New Zealand",Approved,76387,5.552,,Vented,,2018-10-16,,Single product class,Available,,http://www.bosch-home.com.au/
Greenhouse and Energy Minimum Standards (Rotary Clothes Dryers) Determination 2012,AEG,8,False,Autosensing,Poland,,,Each individual model number listed above,T86280IC,AS/NZS 2442.1:1996,358,2.04111237598,2.0,Cottons Extra Dry; Max Dryness,217.0,"Australia,New Zealand",Approved,60031,6.39,,Condenser,,2016-08-01,,Single product class,Unavailable,,http://www.aeg.com
Greenhouse and Energy Minimum Standards (Rotary Clothes Dryers) Determination 2012,ELECTROLUX,8,False,Autosensing,Poland,,,Each individual model number listed above,EDC78550W,AS/NZS 2442.1:1996,353,2.12765570672,2.0,Cottons Extra; Max Dryness,198.0,"Australia,Fiji,New Zealand",Approved,60716,6.358,,Condenser,,2016-08-30,,Single product class,Unavailable,,http://www.electrolux.com.au
Greenhouse and Energy Minimum Standards (Rotary Clothes Dryers) Determination 2012,ONIX,4,False,Timer,China,,,Each individual model number listed above,GYJ40-68,AS/NZS 2442.1:1996,180,2.00683301501,2.0,Strong Heat ,200.0,"Australia,New Zealand",Approved,55399,3.116,,Vented,,2016-02-16,,Single product class,Unavailable,,
Greenhouse and Energy Minimum Standards (Rotary Clothes Dryers) Determination 2012,MIELE,7,False,Autosensing,Germany,596.0,595.0,Each individual model number listed above,T 8927 WP,AS/NZS 2442.1:1996,156,6.33073936701,6.0,Cottons Normal Plus,158.0,"Australia,New Zealand",Approved,55008,5.503,,Condenser,850.0,2015-12-08,,Single product class,Unavailable,http://www.miele.com.au/,http://www.miele.com.au
Greenhouse and Energy Minimum Standards (Rotary Clothes Dryers) Determination 2012,MIELE,2.5,True,Autosensing,Germany,600.0,850.0,Each individual model number listed above,WT2670,AS/NZS 2442.1:1996,84,3.80438622129,3.5,Cottons Normal Plus,77.9,"Australia,New Zealand",Approved,54990,1.975,11.4,Condenser,600.0,2015-12-21,,Single product class,Unavailable,http://www.miele.com.au/,http://www.miele.com.au
Greenhouse and Energy Minimum Standards (Rotary Clothes Dryers) Determination 2012,Cell-Sun,4,False,Timer,China,440.0,670.0,,GDZ40-20S,AS/NZS 2442.1:1996/Amdt 4:2006,150,3.12868114284,3.0,Full heat,200.0,Australia,Approved,76473,3.108,,Vented,595.0,2018-10-23,,Single product class,Unavailable,,
Greenhouse and Energy Minimum Standards (Rotary Clothes Dryers) Determination 2012,EUROMAID,6,False,Autosensing,China,,,Each individual model number listed above,DE6KG,AS/NZS 2442.1:1996,265,2.12184812783,2.0,"Extra Dry, Full Heat",201.0,"Australia,New Zealand",Approved,54855,4.7023,,Vented,,2015-11-24,,Single product class,Unavailable,http://hapl.com.au/,
Greenhouse and Energy Minimum Standards (Rotary Clothes Dryers) Determination 2012,LG,8,False,Autosensing,"""Korea, Republic of""",,,single,TD-C800E,AS/NZS 2442.1:1996,356,2.07558377919,2.0,Cotton Extra Dry,235.0,"Australia,New Zealand",Approved,54524,6.297,,Condenser,,2015-11-09,,Single product class,Unavailable,,http://www.lge.com
Greenhouse and Energy Minimum Standards (Rotary Clothes Dryers) Determination 2012,LG,8,False,Autosensing,"""Korea, Republic of""",,,single,TD-C809E,AS/NZS 2442.1:1996,356,2.07558377919,2.0,Cotton Extra Dry,235.0,"Australia,New Zealand",Approved,54524,6.297,,Condenser,,2015-11-09,,Single product class,Unavailable,,http://www.lge.com
Greenhouse and Energy Minimum Standards (Rotary Clothes Dryers) Determination 2012,LG,8,False,Autosensing,"""Korea, Republic of""",,,single,TD-C803E,AS/NZS 2442.1:1996,356,2.07558377919,2.0,Cotton Extra Dry,235.0,"Australia,New Zealand",Approved,54524,6.297,,Condenser,,2015-11-09,,Single product class,Unavailable,,http://www.lge.com
Greenhouse and Energy Minimum Standards (Rotary Clothes Dryers) Determination 2012,MIELE,2.5,True,Autosensing,Germany,,,Each individual model number listed above,WT 2780,AS/NZS 2442.1:1996,77,4.3397784815,4.0,Cottons Normal,164.0,"Australia,New Zealand",Approved,54142,1.975,12.71,Condenser,,2015-10-07,,Single product class,Unavailable,http://www.miele.com.au/,http://www.miele.com.au
Greenhouse and Energy Minimum Standards (Rotary Clothes Dryers) Determination 2012,V-ZUG,6,False,Autosensing,,600.0,850.0,single,958,AS/NZS 2442.1:1996,126,6.6963793614,6.0,"Normal dry, Dryness setting 4",182.0,"Australia,New Zealand",Approved,51329,4.8003,,Condenser,595.0,2015-07-14,,Single product class,Available,,http://www.vzug.com.au
Greenhouse and Energy Minimum Standards (Rotary Clothes Dryers) Determination 2012,BEKO,8,False,Autosensing,Turkey,598.0,846.0,,DCY 8502 XB1,AS/NZS 2442.1:1996/Amdt 4:2006,349,2.19777759816,2.0,"Cottons-Extra Dry, Dryng Level Normal",209.8,"Australia,New Zealand",Approved,79248,6.439,0.0,Condenser,595.0,2019-02-28,,Single product class,Unavailable,http://www.beko.com/,
Greenhouse and Energy Minimum Standards (Rotary Clothes Dryers) Determination 2012,LG,9,False,Autosensing,"""Korea, Republic of""",640.0,850.0,,TD-C901H,AS/NZS 2442.1:1996/Amdt 4:2006,170,7.34829466959,6.0,"Cotton, Cupboard",311.0,"Australia,New Zealand",Approved,65367,7.19,0.0,Condenser,600.0,2017-05-23,,Single product class,Unavailable,,
Greenhouse and Energy Minimum Standards (Rotary Clothes Dryers) Determination 2012,MIELE,7,False,Autosensing,Germany,580.0,595.0,Each individual model number listed above,T 8823 C,AS/NZS 2442.1:1996,292,2.47335612583,2.0,Cottons Normal Plus,187.0,"Australia,New Zealand",Approved,50632,5.554,,Condenser,850.0,2015-05-23,,Single product class,Unavailable,http://www.miele.com.au/,http://www.miele.com.au
Greenhouse and Energy Minimum Standards (Rotary Clothes Dryers) Determination 2012,MIELE,7,False,Autosensing,Germany,580.0,595.0,Each individual model number listed above,T 8843 C,AS/NZS 2442.1:1996,292,2.47335612583,2.0,Cottons Normal Plus,187.0,"Australia,New Zealand",Approved,50632,5.554,,Condenser,850.0,2015-05-23,,Single product class,Unavailable,http://www.miele.com.au/,http://www.miele.com.au
Greenhouse and Energy Minimum Standards (Rotary Clothes Dryers) Determination 2012,MIELE,7,False,Autosensing,Germany,580.0,595.0,Each individual model number listed above,T 8822 C,AS/NZS 2442.1:1996,292,2.47335612583,2.0,Cottons Normal Plus,187.0,"Australia,New Zealand",Approved,50632,5.554,,Condenser,850.0,2015-05-23,,Single product class,Unavailable,http://www.miele.com.au/,http://www.miele.com.au
Greenhouse and Energy Minimum Standards (Rotary Clothes Dryers) Determination 2012,MIELE,7,False,Autosensing,Germany,580.0,595.0,Each individual model number listed above,T 8903 C,AS/NZS 2442.1:1996,292,2.47335612583,2.0,Cottons Normal Plus,187.0,"Australia,New Zealand",Approved,50632,5.554,,Condenser,850.0,2015-05-23,,Single product class,Unavailable,http://www.miele.com.au/,http://www.miele.com.au
Greenhouse and Energy Minimum Standards (Rotary Clothes Dryers) Determination 2012,MIELE,7,False,Autosensing,Germany,580.0,595.0,Each individual model number listed above,T 7944 C,AS/NZS 2442.1:1996,292,2.47335612583,2.0,Cottons Normal Plus,187.0,"Australia,New Zealand",Approved,50632,5.554,,Condenser,850.0,2015-05-23,,Single product class,Unavailable,http://www.miele.com.au/,http://www.miele.com.au
Greenhouse and Energy Minimum Standards (Rotary Clothes Dryers) Determination 2012,SIEMENS,8,False,Autosensing,Poland,,,Each individual model number listed above,WT46S591AU,AS/NZS 2442.1:1996,358,2.04111237598,2.0,"Cottons, Cupboard Dry Extra, heat setting 0",206.0,"Australia,New Zealand",Approved,51002,6.384,,Condenser,,2015-07-19,,Single product class,Unavailable,,http://www.siemens-home.com.au/
Greenhouse and Energy Minimum Standards (Rotary Clothes Dryers) Determination 2012,MIELE,7,False,Autosensing,Germany,596.0,595.0,Each individual model number listed above,T 8947 WP,AS/NZS 2442.1:1996,156,6.33073936701,6.0,Cottons Normal Plus,158.0,"Australia,New Zealand",Approved,50629,5.503,,Condenser,850.0,2015-05-23,,Single product class,Unavailable,http://www.miele.com.au/,http://www.miele.com.au
Greenhouse and Energy Minimum Standards (Rotary Clothes Dryers) Determination 2012,ASKO,6,False,Autosensing,Sweden,595.0,850.0,single,T753C,AS/NZS 2442.1:1996,270,2.00683301501,2.0,program 3 Auto Normal Dry,144.0,Australia,Approved,46976,4.7,,Condenser,595.0,2014-12-20,,Single product class,Unavailable,http://asko.com.au/,http://www.asko.com.au
Greenhouse and Energy Minimum Standards (Rotary Clothes Dryers) Determination 2012,ASKO,6,False,Autosensing,Sweden,595.0,850.0,single,T783C,AS/NZS 2442.1:1996,270,2.00683301501,2.0,program 3 Auto Normal Dry,144.0,Australia,Approved,46976,4.7,,Condenser,595.0,2014-12-20,,Single product class,Unavailable,http://asko.com.au/,http://www.asko.com.au
Greenhouse and Energy Minimum Standards (Rotary Clothes Dryers) Determination 2012,ASKO,6,False,Autosensing,Sweden,595.0,850.0,single,T793C,AS/NZS 2442.1:1996,270,2.00683301501,2.0,program 3 Auto Normal Dry,144.0,Australia,Approved,46976,4.7,,Condenser,595.0,2014-12-20,,Single product class,Unavailable,http://asko.com.au/,http://www.asko.com.au
Greenhouse and Energy Minimum Standards (Rotary Clothes Dryers) Determination 2012,SPEED QUEEN,9,True,Autosensing,United States,,,single,ADE32+,AS/NZS 2442.1:1996,405,2.00683301501,2.0,"Delicate temp setting, Fabric Reg/Perm Press",114.0,Australia,Approved,46871,7.13,,Vented,,2014-11-17,,Single product class,Unavailable,http://www.comlaundry.com/,http://www.speedqueen.com
Greenhouse and Energy Minimum Standards (Rotary Clothes Dryers) Determination 2012,SPEED QUEEN,9,True,Autosensing,United States,,,single,ADE3T+,AS/NZS 2442.1:1996,405,2.00683301501,2.0,"Delicate temp setting, Fabric Reg/Perm Press",114.0,Australia,Approved,43442,7.13,,Vented,,2014-07-20,,Single product class,Unavailable,http://www.comlaundry.com/,http://www.speedqueen.com
Greenhouse and Energy Minimum Standards (Rotary Clothes Dryers) Determination 2012,SPEED QUEEN,9,True,Autosensing,United States,,,single,ATE50+,AS/NZS 2442.1:1996,405,2.00683301501,2.0,"Delicate temp setting, Fabric Reg/Perm Press",114.0,Australia,Approved,43442,7.13,,Vented,,2014-07-20,,Single product class,Unavailable,http://www.comlaundry.com/,http://www.speedqueen.com
Greenhouse and Energy Minimum Standards (Rotary Clothes Dryers) Determination 2012,BEKO,5,True,Autosensing,Turkey,630.0,840.0,,WDA 8514 H,AS/NZS 2442.1:1996/Amdt 4:2006,175,3.55320320744,3.5,"Cotton Dry, Extra, 1400rpm",201.0,"Australia,New Zealand",Approved,77984,4.008,4.1,Condenser,600.0,2019-01-15,,Single product class,Unavailable,http://www.beko.com/,
Greenhouse and Energy Minimum Standards (Rotary Clothes Dryers) Determination 2012,V-ZUG,6,False,Autosensing,,600.0,850.0,Each individual model number listed above,959,AS/NZS 2442.1:1996,149,5.66471862187,5.5,"Normal dry, Dryness setting 4",132.0,"Australia,New Zealand",Approved,51519,4.752,,Condenser,595.0,2015-07-14,,Single product class,Available,,http://www.vzug.com.au
Greenhouse and Energy Minimum Standards (Rotary Clothes Dryers) Determination 2012,DAEWOO,5,True,Autosensing,"""Korea, Republic of""",645.0,850.0,,DWC-LD1432,AS/NZS 2442.1:1996/Amdt 4:2006,220,2.14511140462,2.0,Cupboard,212.0,"Australia,Fiji,New Zealand",Approved,78985,4.004,44.86,Condenser,600.0,2019-02-18,,Single product class,Available,,http://Daewoo Electronics Corp.
Greenhouse and Energy Minimum Standards (Rotary Clothes Dryers) Determination 2012,Haier,6,False,Timer,China,,,, HDY-M60,AS/NZS 2442.1:1996/Amdt 4:2006,315,1.05832393792,1.0,200 min,183.6,"Australia,Fiji,New Zealand",Approved,71445,5.894,,Vented,,2018-04-26,,Single product class,Available,http://www.haier.com/,http://www.haier.com/
Greenhouse and Energy Minimum Standards (Rotary Clothes Dryers) Determination 2012,Fulgor,5,True,Autosensing,Italy,,,,WD8011,AS/NZS 2442.1:1996/Amdt 4:2006,178,3.44861492088,3.0,Cottons Extra Dry,211.0,"Australia,Fiji,New Zealand",Approved,77794,3.961,47.2,Condenser,,2019-03-11,,Single product class,Available,http://www.fulgor.com.au/,
Greenhouse and Energy Minimum Standards (Rotary Clothes Dryers) Determination 2012,GALANZ,6,False,Autosensing,China,,,single,DV-60Q1E,AS/NZS 2442.1:1996,266,2.09867247188,2.0,Tumble dryer,300.0,"Australia,New Zealand",Approved,47744,4.69,,Vented,,2015-01-21,,Single product class,Unavailable,,
Greenhouse and Energy Minimum Standards (Rotary Clothes Dryers) Determination 2012,GALANZ,6,False,Autosensing,China,,,single,DV-60Q3E,AS/NZS 2442.1:1996,266,2.09867247188,2.0,Tumble dryer,300.0,"Australia,New Zealand",Approved,47744,4.69,,Vented,,2015-01-21,,Single product class,Unavailable,,
Greenhouse and Energy Minimum Standards (Rotary Clothes Dryers) Determination 2012,V-ZUG,7,False,Autosensing,Switzerland,600.0,850.0,,12003,AS/NZS 2442.1:1996/Amdt 4:2006,89,9.7839964076,6.0,"Normal dry Eco, Dryness setting 4",180.0,"Australia,New Zealand",Approved,73697,5.524,0.0,Condenser,600.0,2018-07-30,,Single product class,Available,,http://www.vzug.com.au
Greenhouse and Energy Minimum Standards (Rotary Clothes Dryers) Determination 2012,Baumatic,7,False,Autosensing,China,565.0,845.0,,BCD71,AS/NZS 2442.1:1996/Amdt 4:2006,311,2.08546832651,2.0,Cotton Extra,186.0,"Australia,New Zealand",Approved,79146,5.649,0.0,Condenser,595.0,2019-03-11,,Single product class,Available,,
Greenhouse and Energy Minimum Standards (Rotary Clothes Dryers) Determination 2012,Fulgor,7,True,Autosensing,Italy,,,,DC 8010,AS/NZS 2442.1:1996/Amdt 4:2006,346,1.42926253431,1.0,Bone Dry,227.0,"Australia,Fiji,New Zealand",Approved,77798,5.759,0.0,Condenser,,2019-03-17,,Single product class,Available,http://www.fulgor.com.au/,
Greenhouse and Energy Minimum Standards (Rotary Clothes Dryers) Determination 2012,ELECTROLUX,6,True,Autosensing,Thailand,,,,EWW14912,AS/NZS 2442.1:1996/Amdt 4:2006,222,3.21127472362,3.0,"Drying Cottons, Dryness Extra",256.0,"Australia,Fiji,New Zealand",Approved,73704,4.814,42.2,Condenser,,2018-08-13,,Single product class,Available,,http://www.electrolux.com.au
Greenhouse and Energy Minimum Standards (Rotary Clothes Dryers) Determination 2012,ASKO,7,False,Autosensing,Sweden,595.0,850.0,Each individual model number listed above,T784HP,AS/NZS 2442.1:1996/Amdt 4:2006,164,6.02301877883,6.0,Auto Normal Dry,202.0,"Australia,New Zealand",Approved,66625,5.53,0.0,Condenser,595.0,2017-07-04,,Single product class,Available,http://asko.com.au/,http://www.asko.com.au
Greenhouse and Energy Minimum Standards (Rotary Clothes Dryers) Determination 2012,ASKO,7,False,Autosensing,Sweden,595.0,850.0,Each individual model number listed above,T754HP,AS/NZS 2442.1:1996/Amdt 4:2006,164,6.02301877883,6.0,Auto Normal Dry,202.0,"Australia,New Zealand",Approved,66625,5.53,0.0,Condenser,595.0,2017-07-04,,Single product class,Available,http://asko.com.au/,http://www.asko.com.au
Greenhouse and Energy Minimum Standards (Rotary Clothes Dryers) Determination 2012,Cell-Sun,6,False,Autosensing,China,,,Each individual model number listed above,GDZ60-12EF,AS/NZS 2442.1:1996/Amdt 4:2006,263,2.16846296729,2.0,COTT+/ FULL HEAT,197.0,"Australia,Fiji,New Zealand,Other",Approved,68052,4.82,,Vented,,2017-10-24,,Single product class,Unavailable,,
Greenhouse and Energy Minimum Standards (Rotary Clothes Dryers) Determination 2012,Cell-Sun,6,False,Autosensing,China,,,Each individual model number listed above,GDZ60-12E,AS/NZS 2442.1:1996/Amdt 4:2006,263,2.16846296729,2.0,COTT+/ FULL HEAT,197.0,"Australia,Fiji,New Zealand,Other",Approved,68052,4.82,,Vented,,2017-10-24,,Single product class,Unavailable,,
Greenhouse and Energy Minimum Standards (Rotary Clothes Dryers) Determination 2012,WHIRLPOOL,6,False,Autosensing,China,560.0,830.0,,SDRY60,AS/NZS 2442.1:1996/Amdt 4:2006,293,1.50381068849,1.5,"Cottons, Extra Dry",189.0,"Australia,Fiji,New Zealand",Approved,64596,4.76,,Vented,600.0,2017-04-11,,Single product class,Unavailable,http://www.whirlpool.com.au/,
Greenhouse and Energy Minimum Standards (Rotary Clothes Dryers) Determination 2012,Haier,6,False,Timer,"China,China,China",,,, HDY60M,AS/NZS 2442.1:1996/Amdt 4:2006,315,1.05832393792,1.0,200 min,183.6,"Australia,New Zealand",Approved,67903,5.894,,Vented,,2017-10-02,,Single product class,Unavailable,http://www.haier.com/,http://www.haier.com/
Greenhouse and Energy Minimum Standards (Rotary Clothes Dryers) Determination 2012,Haier,6,False,Timer,"China,China,China",,,, HDY60M,AS/NZS 2442.1:1996/Amdt 4:2006,315,1.05832393792,1.0,200 min,183.6,"Australia,New Zealand",Approved,67903,5.894,,Vented,,2017-10-02,,Single product class,Unavailable,http://www.haier.com/,http://www.haier.com/
Greenhouse and Energy Minimum Standards (Rotary Clothes Dryers) Determination 2012,Haier,6,False,Timer,"China,China,China",,,, HDY60M,AS/NZS 2442.1:1996/Amdt 4:2006,315,1.05832393792,1.0,200 min,183.6,"Australia,New Zealand",Approved,67903,5.894,,Vented,,2017-10-02,,Single product class,Unavailable,http://www.haier.com/,http://www.haier.com/
Greenhouse and Energy Minimum Standards (Rotary Clothes Dryers) Determination 2012,Euroclean,6,False,Autosensing,China,555.0,850.0,,CS60Q1E,AS/NZS 2442.1:1996/Amdt 4:2006,252,2.43135507961,2.0,Cottons Strong,185.0,Australia,Approved,65605,4.727,,Vented,595.0,2017-07-03,,Single product class,Unavailable,,
Greenhouse and Energy Minimum Standards (Rotary Clothes Dryers) Determination 2012,LG,7.5,True,Autosensing,"""Korea, Republic of""",767.0,982.0,,WD12585FD6,AS/NZS 2442.1:1996/Amdt 4:2006,311,2.50999039111,2.5,Eco,318.0,"Australia,New Zealand",Approved,66620,6.047,33.15,Condenser,686.0,2017-07-19,,Single product class,Unavailable,,
Greenhouse and Energy Minimum Standards (Rotary Clothes Dryers) Determination 2012,WHIRLPOOL,6,False,Timer,China,,,,AWD60CE,AS/NZS 2442.1:1996/Amdt 4:2006,334,0.697945277216,1.0,Extra Dry,180.0,"Australia,Fiji,New Zealand",Approved,66611,4.924,,Vented,,2017-08-14,,Single product class,Unavailable,http://www.whirlpool.com.au/,
Greenhouse and Energy Minimum Standards (Rotary Clothes Dryers) Determination 2012,ASKO,6.5,False,Autosensing,Sweden,595.0,850.0,,TDC112V,AS/NZS 2442.1:1996/Amdt 4:2006,292,2.01736018503,2.0,Auto Normal Dry,108.0,Australia,Approved,60999,5.1,,Vented,595.0,2016-11-06,,Single product class,Available,http://asko.com.au/,http://www.asko.com.au
Greenhouse and Energy Minimum Standards (Rotary Clothes Dryers) Determination 2012,Hafele,6,False,Autosensing,China,,,,534.94.500,AS/NZS 2442.1:1996/Amdt 4:2006,265,2.12184812783,2.0,Extra DRry / full load,230.0,"Australia,New Zealand",Approved,64542,4.7,,Vented,,2017-05-09,,Single product class,Unavailable,,http://www.hafele.com.au
Greenhouse and Energy Minimum Standards (Rotary Clothes Dryers) Determination 2012,GVA,6,False,Autosensing,China,,,,GVA6KG,AS/NZS 2442.1:1996/Amdt 4:2006,265,2.12184812783,2.0,Extra dry/ full load,230.0,"Australia,New Zealand",Approved,63948,4.702,,Vented,,2017-04-18,,Single product class,Unavailable,,
Greenhouse and Energy Minimum Standards (Rotary Clothes Dryers) Determination 2012,MIELE,7,False,Autosensing,"Germany,Czech Republic",,,,T 8001 WP,AS/NZS 2442.1:1996/Amdt 4:2006,127,7.59624684621,6.0,Cottons Normal Plus,167.0,"Australia,New Zealand",Approved,62862,5.525,0.0,Condenser,,2017-02-06,,Single product class,Unavailable,http://www.miele.com.au/,http://www.miele.com.au
Greenhouse and Energy Minimum Standards (Rotary Clothes Dryers) Determination 2012,Hafele,6,False,Autosensing,China,540.0,840.0,,538.91.500,AS/NZS 2442.1:1996/Amdt 4:2006,265,2.12184812783,2.0,COTT+/FULL HEAT,192.0,Australia,Approved,61620,5.9,,Vented,595.0,2016-11-28,,Single product class,Available,,http://www.hafele.com.au
Greenhouse and Energy Minimum Standards (Rotary Clothes Dryers) Determination 2012,ASKO,7,False,Autosensing,Sweden,595.0,850.0,,T784HP,AS/NZS 2442.1:1996/Amdt 4:2006,164,6.02301877883,6.0,Auto Normal Dry,202.0,Australia,Approved,62611,5.53,0.0,Condenser,595.0,2016-12-20,,Single product class,Unavailable,http://asko.com.au/,http://www.asko.com.au
Greenhouse and Energy Minimum Standards (Rotary Clothes Dryers) Determination 2012,ASKO,6.5,False,Autosensing,Sweden,595.0,850.0,Each individual model number listed above,T794C,AS/NZS 2442.1:1996/Amdt 4:2006,292,2.01736018503,2.0,Auto Normal Dry  ,144.0,Australia,Approved,60962,5.1,0.0,Condenser,595.0,2016-11-08,,Single product class,Available,http://asko.com.au/,http://www.asko.com.au
Greenhouse and Energy Minimum Standards (Rotary Clothes Dryers) Determination 2012,ASKO,6.5,False,Autosensing,Sweden,595.0,850.0,Each individual model number listed above,T784C,AS/NZS 2442.1:1996/Amdt 4:2006,292,2.01736018503,2.0,Auto Normal Dry  ,144.0,Australia,Approved,60962,5.1,0.0,Condenser,595.0,2016-11-08,,Single product class,Available,http://asko.com.au/,http://www.asko.com.au
Greenhouse and Energy Minimum Standards (Rotary Clothes Dryers) Determination 2012,ASKO,6.5,False,Autosensing,Sweden,595.0,850.0,Each individual model number listed above,T754C,AS/NZS 2442.1:1996/Amdt 4:2006,292,2.01736018503,2.0,Auto Normal Dry  ,144.0,Australia,Approved,60962,5.1,0.0,Condenser,595.0,2016-11-08,,Single product class,Available,http://asko.com.au/,http://www.asko.com.au
Greenhouse and Energy Minimum Standards (Rotary Clothes Dryers) Determination 2012,EUROTAG,6,False,Autosensing,China,555.0,850.0,,DV-60Q1E,AS/NZS 2442.1:1996/Amdt 4:2006,252,2.43135507961,2.0,Tumble dryer,180.0,"Australia,Fiji,New Zealand",Approved,60395,4.727,,Vented,595.0,2016-11-15,,Single product class,Unavailable,,
Greenhouse and Energy Minimum Standards (Rotary Clothes Dryers) Determination 2012,HOOVER,7,False,Autosensing,Turkey,600.0,850.0,Each individual model number listed above,DYC 8713BX,AS/NZS 2442.1:1996,346,1.42926253431,1.0,Bone dry,227.0,"Australia,New Zealand",Approved,59825,5.749,,Condenser,600.0,2016-08-07,,Single product class,Available,http://www.candy-group.com/,http://www.andico.com.au
Greenhouse and Energy Minimum Standards (Rotary Clothes Dryers) Determination 2012,SAMSUNG ELECTRONICS,7,True,Autosensing,"""Korea, Republic of""",,,Each individual model number listed above,WD1102XVM,AS/NZS 2442.1:1996,305,2.20533827417,2.0,Cupboard dry,365.0,"Australia,New Zealand",Approved,59306,5.617,114.08,Condenser,,2016-07-25,,Single product class,Unavailable,,
Greenhouse and Energy Minimum Standards (Rotary Clothes Dryers) Determination 2012,MISTRAL,4,False,Timer,China,,,single,MTD4,AS/NZS 2442.1:1996,192,1.60971914441,1.5,200 minutes; strong heat,200.0,"Australia,New Zealand",Approved,58249,3.116,,Vented,,2016-08-07,,Single product class,Unavailable,,
Greenhouse and Energy Minimum Standards (Rotary Clothes Dryers) Determination 2012,SAMSUNG ELECTRONICS,4,True,Autosensing,"""Korea, Republic of""",,,Each individual model number listed above,WD0754W8E,AS/NZS 2442.1:1996,165,2.54222527521,2.5,Drying course + Intensive,278.0,"Australia,New Zealand",Approved,57346,3.264,71.8,Condenser,,2016-04-16,,Single product class,Unavailable,,
Greenhouse and Energy Minimum Standards (Rotary Clothes Dryers) Determination 2012,Teco,5,False,Autosensing,China,,,Each individual model number listed above,CD5100A**,AS/NZS 2442.1:1996,211,2.4021240062,2.0,Extra dry + full,170.0,"Australia,New Zealand",Approved,57155,4.008,,Vented,,2016-05-09,,Single product class,Unavailable,http://www.teco.com.au/,http://www.teco.com.au/
Greenhouse and Energy Minimum Standards (Rotary Clothes Dryers) Determination 2012,WHIRLPOOL,6,False,Timer,China,,,Each individual model number listed above,AWD60A,AS/NZS 2442.1:1996,334,0.697945277216,1.0,Extra Dry,180.0,"Australia,Fiji,New Zealand",Approved,56738,4.924,,Vented,,2016-04-26,,Single product class,Unavailable,http://www.whirlpool.com.au/,
Greenhouse and Energy Minimum Standards (Rotary Clothes Dryers) Determination 2012,Cell-Sun,6,False,Autosensing,China,,,Each individual model number listed above,GDZ60-09E,AS/NZS 2442.1:1996/Amdt 4:2006,265,2.12184812783,2.0,Extra dry / full HEAT,197.0,"Australia,Fiji,New Zealand,Other",Approved,67994,4.84,,Vented,,2017-10-23,,Single product class,Unavailable,,
Greenhouse and Energy Minimum Standards (Rotary Clothes Dryers) Determination 2012,Cell-Sun,6,False,Autosensing,China,,,Each individual model number listed above,GDZ60-09EF,AS/NZS 2442.1:1996/Amdt 4:2006,265,2.12184812783,2.0,Extra dry / full HEAT,197.0,"Australia,Fiji,New Zealand,Other",Approved,67994,4.84,,Vented,,2017-10-23,,Single product class,Unavailable,,
Greenhouse and Energy Minimum Standards (Rotary Clothes Dryers) Determination 2012,Cell-Sun,6,False,Autosensing,China,,,Each individual model number listed above,GDZ60-08E,AS/NZS 2442.1:1996/Amdt 4:2006,265,2.12184812783,2.0,Extra dry / full HEAT,197.0,"Australia,Fiji,New Zealand,Other",Approved,67994,4.84,,Vented,,2017-10-23,,Single product class,Unavailable,,
Greenhouse and Energy Minimum Standards (Rotary Clothes Dryers) Determination 2012,Cell-Sun,6,False,Autosensing,China,,,Each individual model number listed above,GDZ60-08EF,AS/NZS 2442.1:1996/Amdt 4:2006,265,2.12184812783,2.0,Extra dry / full HEAT,197.0,"Australia,Fiji,New Zealand,Other",Approved,67994,4.84,,Vented,,2017-10-23,,Single product class,Unavailable,,
Greenhouse and Energy Minimum Standards (Rotary Clothes Dryers) Determination 2012,STIRLING,6,False,Autosensing,China,,,single,SCD6E,AS/NZS 2442.1:1996,265,2.12184812783,2.0,Extra Dry/Full Heat,230.0,Australia,Approved,48193,4.702,,Vented,,2015-01-31,,Single product class,Available,,
Greenhouse and Energy Minimum Standards (Rotary Clothes Dryers) Determination 2012,ARISTON,8,False,Autosensing,Italy,,,Each individual model number listed above,AQCF 851 B U,AS/NZS 2442.1:1996,353,2.12765570672,2.0,"Auto cotton, high heat, extra dry ",213.0,"Australia,New Zealand",Approved,48032,6.483,,Condenser,,2015-01-19,,Single product class,Available,,http://www.indesit.com.au
Greenhouse and Energy Minimum Standards (Rotary Clothes Dryers) Determination 2012,VENTO,6,False,Autosensing,China,545.0,840.0,,GDZ60-09E-V,AS/NZS 2442.1:1996/Amdt 4:2006,265,2.12184812783,2.0,Extra dry/ full Heat,220.0,"Australia,New Zealand",Approved,78012,4.84,,Vented,595.0,2019-02-07,,Single product class,Available,,
Greenhouse and Energy Minimum Standards (Rotary Clothes Dryers) Determination 2012,DAEWOO,5,True,Autosensing,"""Korea, Republic of""",,,Each individual model number listed above,DWC-LD1412,AS/NZS 2442.1:1996,220,2.14511140462,2.0,Cupboard,212.0,"Australia,New Zealand",Approved,51782,4.004,44.86,Condenser,,2015-06-02,,Single product class,Available,,http://Daewoo Electronics Corp.
Greenhouse and Energy Minimum Standards (Rotary Clothes Dryers) Determination 2012,LG,8,False,Autosensing,"""Korea, Republic of""",640.0,850.0,,TD-C8031E,AS/NZS 2442.1:1996/Amdt 4:2006,356,2.07558377919,2.0,Cotton Extra,235.0,"Australia,New Zealand",Approved,78641,6.297,0.0,Condenser,600.0,2019-02-04,,Single product class,Available,,
Greenhouse and Energy Minimum Standards (Rotary Clothes Dryers) Determination 2012,Fulgor,7,False,Autosensing,Italy,,,,DH 8011,AS/NZS 2442.1:1996/Amdt 4:2006,159,6.21353335889,6.0,Bone Dry,245.2,"Australia,Fiji,New Zealand",Approved,77800,5.561,0.0,Condenser,,2019-03-07,,Single product class,Available,http://www.fulgor.com.au/,
Greenhouse and Energy Minimum Standards (Rotary Clothes Dryers) Determination 2012,Omega,6,False,Timer,China,,,,OCD6W,AS/NZS 2442.1:1996/Amdt 4:2006,266,2.09867247188,2.0,Timer Used,216.0,"Australia,New Zealand",Approved,70063,4.701,,Vented,,2018-01-09,,Single product class,Available,http://www.chinajinhuan.com/,http://www.omegaappliances.com.au/
Greenhouse and Energy Minimum Standards (Rotary Clothes Dryers) Determination 2012,RANKARENA,6,False,Autosensing,China,555.0,850.0,,DV-60Q1E,AS/NZS 2442.1:1996/Amdt 4:2006,252,2.43135507961,2.0,Cottons Strong,180.0,"Australia,Fiji,New Zealand",Approved,75325,4.727,,Vented,595.0,2019-04-28,,Single product class,Unavailable,http://www.crossmarkasia.com/,
Greenhouse and Energy Minimum Standards (Rotary Clothes Dryers) Determination 2012,Galanz,6,False,Autosensing,China,,,Each individual model number listed above,DV-60Q9EU,AS/NZS 2442.1:1996/Amdt 4:2006,260,2.23905413595,2.0,strong,180.0,"Australia,Fiji,New Zealand",Approved,73232,4.8,,Vented,,2018-07-19,,Single product class,Available,,
Greenhouse and Energy Minimum Standards (Rotary Clothes Dryers) Determination 2012,Galanz,6,False,Autosensing,China,,,Each individual model number listed above,DV-60Q8EU,AS/NZS 2442.1:1996/Amdt 4:2006,260,2.23905413595,2.0,strong,180.0,"Australia,Fiji,New Zealand",Approved,73232,4.8,,Vented,,2018-07-19,,Single product class,Available,,
Greenhouse and Energy Minimum Standards (Rotary Clothes Dryers) Determination 2012,Galanz,6,False,Autosensing,China,,,Each individual model number listed above,DV-60Q5EU,AS/NZS 2442.1:1996/Amdt 4:2006,260,2.23905413595,2.0,strong,180.0,"Australia,Fiji,New Zealand",Approved,73232,4.8,,Vented,,2018-07-19,,Single product class,Available,,
Greenhouse and Energy Minimum Standards (Rotary Clothes Dryers) Determination 2012,Westinghouse,5,False,Autosensing,Thailand,580.0,800.0,,WDV5051,AS/NZS 2442.1:1996/Amdt 4:2006,222,2.08942659579,2.0,"Normal Dry, Normal Temperature",130.0,New Zealand,Approved,79222,4.12,,Vented,600.0,2019-03-03,,Single product class,Available,,http://www.westinghouse.com.au/
Greenhouse and Energy Minimum Standards (Rotary Clothes Dryers) Determination 2012,FISHER & PAYKEL,4,False,Timer,Thailand,,,Each individual model number listed above,DE40F56A*,AS/NZS 2442.1:1996,212,1.0,1.0,Regular,112.0,"Australia,New Zealand",Approved,57341,3.14,,Vented,,2016-07-06,,Single product class,Available,,http://www.fisherpaykel.com
Greenhouse and Energy Minimum Standards (Rotary Clothes Dryers) Determination 2012,ELECTROLUX,8,False,Autosensing,Poland,,,,EDH3284PDW,AS/NZS 2442.1:1996/Amdt 4:2006,168,6.6963793614,6.0,Cottons Extra Dry,247.0,"Australia,Fiji,New Zealand,Other",Approved,69553,6.416,0.0,Condenser,,2018-01-03,,Single product class,Available,,http://www.electrolux.com.au
Greenhouse and Energy Minimum Standards (Rotary Clothes Dryers) Determination 2012,ELECTROLUX,8,False,Autosensing,Poland,,,,EDC2086PDW,AS/NZS 2442.1:1996/Amdt 4:2006,357,2.05832393792,2.0,Cottons Strong Dry,215.0,"Australia,New Zealand,Other",Approved,69226,6.3647,0.0,Condenser,,2017-11-20,,Single product class,Available,,http://www.electrolux.com.au
Greenhouse and Energy Minimum Standards (Rotary Clothes Dryers) Determination 2012,INDESIT,7,False,Autosensing,United Kingdom,584.0,850.0,,IDVA735X,AS/NZS 2442.1:1996/Amdt 4:2006,294,2.43135507961,2.0,Program 1 Cottons - Ready to Wear,156.0,"Australia,Fiji,New Zealand",Approved,79406,5.48,,Vented,595.0,2019-03-17,,Single product class,Available,,http://www.indesit.com.au
Greenhouse and Energy Minimum Standards (Rotary Clothes Dryers) Determination 2012,ELECTROLUX,7,False,Autosensing,Poland,,,,EDP2074PDW,AS/NZS 2442.1:1996/Amdt 4:2006,314,2.02639783079,2.0,"Cottons, Strong Dry",191.0,"Australia,Fiji,New Zealand,Other",Approved,69933,5.5196,0.0,Condenser,,2017-12-21,,Single product class,Available,,http://www.electrolux.com.au
Greenhouse and Energy Minimum Standards (Rotary Clothes Dryers) Determination 2012,ELECTROLUX,5,False,Autosensing,Thailand,,,,EDV5051,AS/NZS 2442.1:1996/Amdt 4:2006,222,2.08942659579,2.0,Normal Dry/Normal Temperature,130.0,"Fiji,New Zealand",Approved,75564,4.12,,Vented,,2018-10-03,,Single product class,Available,,http://www.electrolux.com.au
Greenhouse and Energy Minimum Standards (Rotary Clothes Dryers) Determination 2012,HIGHLANDER,6,False,Autosensing,China,555.0,850.0,,DV-60Q1E,AS/NZS 2442.1:1996/Amdt 4:2006,252,2.43135507961,2.0,Cottons Strong,180.0,"Australia,Fiji,New Zealand",Approved,75321,4.727,,Vented,595.0,2019-03-12,,Single product class,Unavailable,http://www.crossmarkasia.com/,
Greenhouse and Energy Minimum Standards (Rotary Clothes Dryers) Determination 2012,WHIRLPOOL,6,False,Autosensing,China,560.0,830.0,,SDRY60CE,AS/NZS 2442.1:1996/Amdt 4:2006,293,1.50381068849,1.5,"Cottons, Extra Dry",189.0,"Australia,Fiji,New Zealand",Approved,66609,4.76,,Vented,600.0,2017-08-14,,Single product class,Unavailable,http://www.whirlpool.com.au/,
Greenhouse and Energy Minimum Standards (Rotary Clothes Dryers) Determination 2012,King Fisher,6,False,Autosensing,China,530.0,840.0,,KFCD06,AS/NZS 2442.1:1996/Amdt 4:2006,265,2.12184812783,2.0,Full Heat / Extra Dry,230.0,Australia,Approved,65551,4.702,,Vented,595.0,2017-08-23,,Single product class,Unavailable,,
Greenhouse and Energy Minimum Standards (Rotary Clothes Dryers) Determination 2012,ARISTON,8,False,Autosensing,United Kingdom,630.0,850.0,,AQC8 BF7 T1,AS/NZS 2442.1:1996/Amdt 4:2006,342,2.32244729173,2.0,"Cottons, Ready to wear - High Heat",190.0,"Australia,Fiji,New Zealand",Approved,77557,6.301,0.0,Condenser,595.0,2018-12-05,,Single product class,Unavailable,,http://www.indesit.com.au
Greenhouse and Energy Minimum Standards (Rotary Clothes Dryers) Determination 2012,FISHER & PAYKEL,8,False,Autosensing,China,,,,DE8060P1,AS/NZS 2442.1:1996/Amdt 4:2006,355,2.09289217143,2.0,Everyday,215.0,"Australia,New Zealand",Approved,70873,6.337,0.0,Condenser,,2018-03-19,,Single product class,Available,http://www.fisherpaykel.co.nz/,
Greenhouse and Energy Minimum Standards (Rotary Clothes Dryers) Determination 2012,HIGHLANDER,3.5,True,Autosensing,China,640.0,845.0,,XQG70-DA112PE,AS/NZS 2442.1:1996/Amdt 4:2006,134,3.00109047667,3.0,Cottons Drying 198 min Program,198.0,"Australia,Fiji,New Zealand",Approved,75440,2.721,0.0,Condenser,595.0,2019-03-29,,Single product class,Unavailable,http://www.crossmarkasia.com/,
Greenhouse and Energy Minimum Standards (Rotary Clothes Dryers) Determination 2012,WHIRLPOOL,8,False,Autosensing,France,600.0,855.0,The family name designated above,WDEHP80C*,AS/NZS 2442.1:1996/Amdt 4:2006,155,7.19194540244,6.0,Cotton Cupboard Dry Drying Level 3,243.0,"Australia,Fiji,New Zealand",Approved,70957,6.339,0.0,Condenser,600.0,2018-03-25,,Single product class,Unavailable,http://www.whirlpool.com.au/,
Greenhouse and Energy Minimum Standards (Rotary Clothes Dryers) Determination 2012,BOSCH,7,False,Autosensing,Poland,,,Each individual model number listed above,WTY88700AU,AS/NZS 2442.1:1996/Amdt 4:2006,109,8.53668624426,6.0,"Cottons, EcoPerfect, Cupboard dry extra, 1000rpm",225.0,"Australia,New Zealand",Approved,64609,5.566,0.0,Condenser,,2017-05-01,,Single product class,Unavailable,,http://www.bosch-home.com.au/
Greenhouse and Energy Minimum Standards (Rotary Clothes Dryers) Determination 2012,LG,4.5,True,Autosensing,"""Korea, Republic of""",640.0,850.0,Each individual model number listed above,WD14130RD6,AS/NZS 2442.1:1996/Amdt 4:2006,215,1.6382720002,1.5,"Dry Only, 1400 rpm, Eco dry",261.0,"Australia,New Zealand",Approved,63978,3.608,23.8,Condenser,600.0,2017-03-19,,Single product class,Unavailable,,
Greenhouse and Energy Minimum Standards (Rotary Clothes Dryers) Determination 2012,LG,4.5,True,Autosensing,"""Korea, Republic of""",640.0,850.0,Each individual model number listed above,WD14130FD6,AS/NZS 2442.1:1996/Amdt 4:2006,215,1.6382720002,1.5,"Dry Only, 1400 rpm, Eco dry",261.0,"Australia,New Zealand",Approved,63978,3.608,23.8,Condenser,600.0,2017-03-19,,Single product class,Unavailable,,
Greenhouse and Energy Minimum Standards (Rotary Clothes Dryers) Determination 2012,MIELE,8,False,Autosensing,"Germany,Czech Republic",,,,T 8861 WP,AS/NZS 2442.1:1996/Amdt 4:2006,149,7.43486363415,6.0,Cotton Extra dry,195.0,"Australia,New Zealand",Approved,67348,6.273,0.0,Condenser,,2017-08-20,,Single product class,Available,http://www.miele.com.au/,http://www.miele.com.au
Greenhouse and Energy Minimum Standards (Rotary Clothes Dryers) Determination 2012,BEKO,7,False,Autosensing,Turkey,598.0,846.0,,DPU 7360 GX,AS/NZS 2442.1:1996/Amdt 4:2006,163,6.06065271499,6.0,Cottons-Extra Dry,225.0,"Australia,New Zealand",Approved,62311,5.59,0.0,Condenser,595.0,2016-11-26,,Single product class,Unavailable,http://www.beko.com/,
Greenhouse and Energy Minimum Standards (Rotary Clothes Dryers) Determination 2012,BEKO,7,False,Autosensing,Turkey,598.0,846.0,,DPU 7390 GX,AS/NZS 2442.1:1996/Amdt 4:2006,103,8.88506962443,6.0,Cottons-Extra Dry,172.0,"Australia,New Zealand",Approved,69293,5.638,0.0,Condenser,595.0,2017-11-14,,Single product class,Available,http://www.beko.com/,
Greenhouse and Energy Minimum Standards (Rotary Clothes Dryers) Determination 2012,Rank Arena,6,False,Autosensing,China,555.0,850.0,Each individual model number listed above,DV-60Q9E,AS/NZS 2442.1:1996/Amdt 4:2006,252,2.43135507961,2.0,Cottons Strong,180.0,"Australia,Fiji,New Zealand",Approved,80009,4.727,,Vented,595.0,2019-04-30,,Single product class,Unavailable,,
Greenhouse and Energy Minimum Standards (Rotary Clothes Dryers) Determination 2012,Rank Arena,6,False,Autosensing,China,555.0,850.0,Each individual model number listed above,DV-60Q8E,AS/NZS 2442.1:1996/Amdt 4:2006,252,2.43135507961,2.0,Cottons Strong,180.0,"Australia,Fiji,New Zealand",Approved,80009,4.727,,Vented,595.0,2019-04-30,,Single product class,Unavailable,,
Greenhouse and Energy Minimum Standards (Rotary Clothes Dryers) Determination 2012,Rank Arena,6,False,Autosensing,China,555.0,850.0,Each individual model number listed above,DV-60Q3E,AS/NZS 2442.1:1996/Amdt 4:2006,252,2.43135507961,2.0,Cottons Strong,180.0,"Australia,Fiji,New Zealand",Approved,80009,4.727,,Vented,595.0,2019-04-30,,Single product class,Unavailable,,
Greenhouse and Energy Minimum Standards (Rotary Clothes Dryers) Determination 2012,Rank Arena,6,False,Autosensing,China,555.0,850.0,Each individual model number listed above,DV-60Q1E,AS/NZS 2442.1:1996/Amdt 4:2006,252,2.43135507961,2.0,Cottons Strong,180.0,"Australia,Fiji,New Zealand",Approved,80009,4.727,,Vented,595.0,2019-04-30,,Single product class,Unavailable,,
Greenhouse and Energy Minimum Standards (Rotary Clothes Dryers) Determination 2012,Indesit,4.5,True,Autosensing,Italy,535.0,850.0,Each individual model number listed above,IWDC 7125 B (AUS)1,AS/NZS 2442.1:1996/Amdt 4:2006,193,2.3024890213,2.0,11 Cottons Cupboard Dry,283.0,"Australia,Fiji,New Zealand",Approved,81299,3.616,33.05,Condenser,595.0,2019-06-20,,Single product class,Available,,
Greenhouse and Energy Minimum Standards (Rotary Clothes Dryers) Determination 2012,Indesit,4.5,True,Autosensing,Italy,535.0,850.0,Each individual model number listed above,IWDC 7125 B (AUS),AS/NZS 2442.1:1996/Amdt 4:2006,193,2.3024890213,2.0,11 Cottons Cupboard Dry,283.0,"Australia,Fiji,New Zealand",Approved,81299,3.616,33.05,Condenser,595.0,2019-06-20,,Single product class,Available,,
Greenhouse and Energy Minimum Standards (Rotary Clothes Dryers) Determination 2012,Gorenje,7,False,Autosensing,Slovenia,600.0,850.0,,D722CM,AS/NZS 2442.1:1996/Amdt 4:2006,291,2.49446465213,2.0,"Cotton Ultra, Extra dry",170.3,"Australia,Fiji,New Zealand",Approved,81699,5.569,,Vented,600.0,2019-06-23,,Single product class,,http://www.gorenje.si/,
Greenhouse and Energy Minimum Standards (Rotary Clothes Dryers) Determination 2012,V-ZUG,7,False,Autosensing,Switzerland,600.0,850.0,,12001,AS/NZS 2442.1:1996/Amdt 4:2006,112,8.36962269573,6.0,"Normal dry, Dryness setting 4",176.0,"Australia,New Zealand",Approved,73718,5.556,0.0,Condenser,600.0,2018-08-14,,Single product class,Available,,http://www.vzug.com.au
Greenhouse and Energy Minimum Standards (Rotary Clothes Dryers) Determination 2012,Omega,4,False,Timer,China,,,,OCD4W,AS/NZS 2442.1:1996/Amdt 4:2006,180,2.00683301501,2.0,Timer Used,141.7,"Australia,New Zealand",Approved,70048,3.131,,Vented,,2018-01-09,,Single product class,Available,http://www.chinajinhuan.com/,http://www.omegaappliances.com.au/
Greenhouse and Energy Minimum Standards (Rotary Clothes Dryers) Determination 2012,Panasonic,7,False,Autosensing,China,,,,NH-P70G2WAU,AS/NZS 2442.1:1996/Amdt 4:2006,121,7.89403702371,6.0,"Cotton Extra Dry, Drying Level 3, 1000rpm, Eco",231.0,"Australia,New Zealand",Approved,73002,5.546,0.0,Condenser,,2018-07-31,,Single product class,Available,,http://N/A
Greenhouse and Energy Minimum Standards (Rotary Clothes Dryers) Determination 2012,SAMSUNG ELECTRONICS,8,False,Autosensing,"""Korea, Republic of""",,,,DV80F5E5HGW,AS/NZS 2442.1:1996/Amdt 4:2006,153,7.2718572968,6.0,"Cotton Extra Dry, Drying Level 3",228.0,"Australia,Fiji,New Zealand",Approved,75156,6.311,0.0,Condenser,,2018-09-11,,Single product class,Available,,http://www.samsung.com.au
Greenhouse and Energy Minimum Standards (Rotary Clothes Dryers) Determination 2012,SIEMENS,7,False,Autosensing,Poland,,,Each individual model number listed above,WT48Y780AU,AS/NZS 2442.1:1996/Amdt 4:2006,109,8.53668624426,6.0,"Cottons, EcoPerfect, Cupboard dry extra, 1000rpm",225.0,"Australia,New Zealand",Approved,64612,5.566,0.0,Condenser,,2017-05-01,,Single product class,Unavailable,,http://www.siemens-home.com.au/
Greenhouse and Energy Minimum Standards (Rotary Clothes Dryers) Determination 2012,MIELE,10,False,Autosensing,Germany,,,,PT 7188,AS/NZS 2442.1:1996/Amdt 4:2006,485,1.54595557504,1.5,Cottons Extra dry,109.0,"Australia,New Zealand",Approved,70650,9.937,,Vented,,2018-02-22,,Single product class,Unavailable,http://www.miele.com.au/,http://www.miele.com.au
Greenhouse and Energy Minimum Standards (Rotary Clothes Dryers) Determination 2012,MIELE,7,False,Autosensing,"Germany,Czech Republic",,,,T 7950 WP,AS/NZS 2442.1:1996/Amdt 4:2006,127,7.59624684621,6.0,Cottons Normal Plus,167.0,"Australia,New Zealand",Approved,62861,5.525,0.0,Condenser,,2017-02-06,,Single product class,Unavailable,http://www.miele.com.au/,http://www.miele.com.au
Greenhouse and Energy Minimum Standards (Rotary Clothes Dryers) Determination 2012,SAMSUNG ELECTRONICS,8,True,Autosensing,China,,,,WD10F8K9ABG,AS/NZS 2442.1:1996/Amdt 4:2006,332,2.5050461326,2.5,"Drying, Cupboard Dry, Extra High Spin",419.0,"Australia,Fiji,New Zealand",Approved,78231,6.377,1.2,Condenser,,2019-01-22,,Single product class,Available,,http://www.samsung.com.au
Greenhouse and Energy Minimum Standards (Rotary Clothes Dryers) Determination 2012,ELECTROLUX,6,True,Autosensing,Thailand,,,,EWW14912,AS/NZS 2442.1:1996/Amdt 4:2006,222,3.21127472362,3.0,Regular Extra Dryness,256.0,"Australia,Fiji,New Zealand,Other",Approved,70015,4.814,42.0,Condenser,,2018-01-03,,Single product class,Unavailable,,http://www.electrolux.com.au
Greenhouse and Energy Minimum Standards (Rotary Clothes Dryers) Determination 2012,Tongtel,6,False,Autosensing,China,555.0,850.0,Each individual model number listed above,DV-60Q9EU,AS/NZS 2442.1:1996/Amdt 4:2006,260,2.23905413595,2.0,Strong,180.0,"Australia,Fiji,New Zealand",Approved,77922,4.8,,Vented,595.0,2019-01-31,,Single product class,Unavailable,,http://www.hifu.com.au
Greenhouse and Energy Minimum Standards (Rotary Clothes Dryers) Determination 2012,Tongtel,6,False,Autosensing,China,555.0,850.0,Each individual model number listed above,DV-60Q8EU,AS/NZS 2442.1:1996/Amdt 4:2006,260,2.23905413595,2.0,Strong,180.0,"Australia,Fiji,New Zealand",Approved,77922,4.8,,Vented,595.0,2019-01-31,,Single product class,Unavailable,,http://www.hifu.com.au
Greenhouse and Energy Minimum Standards (Rotary Clothes Dryers) Determination 2012,Tongtel,6,False,Autosensing,China,555.0,850.0,Each individual model number listed above,DV-60Q5EU,AS/NZS 2442.1:1996/Amdt 4:2006,260,2.23905413595,2.0,Strong,180.0,"Australia,Fiji,New Zealand",Approved,77922,4.8,,Vented,595.0,2019-01-31,,Single product class,Unavailable,,http://www.hifu.com.au
Greenhouse and Energy Minimum Standards (Rotary Clothes Dryers) Determination 2012,Tongtel,6,False,Autosensing,China,555.0,850.0,Each individual model number listed above,DV-60Q5E,AS/NZS 2442.1:1996/Amdt 4:2006,260,2.23905413595,2.0,Strong,180.0,"Australia,Fiji,New Zealand",Approved,77922,4.8,,Vented,595.0,2019-01-31,,Single product class,Unavailable,,http://www.hifu.com.au
Greenhouse and Energy Minimum Standards (Rotary Clothes Dryers) Determination 2012,WHIRLPOOL,8,False,Autosensing,France,600.0,855.0,,WCDE80DW,AS/NZS 2442.1:1996/Amdt 4:2006,355,2.09289217143,2.0,Cotton Cupboard Dry Dryness Level 2,197.0,"Australia,Fiji,New Zealand",Approved,79881,6.511,0.0,Condenser,600.0,2019-04-21,,Single product class,Available,http://www.whirlpool.com.au/,
Greenhouse and Energy Minimum Standards (Rotary Clothes Dryers) Determination 2012,WHIRLPOOL,8,False,Autosensing,France,600.0,855.0,,WDEHP80DW,AS/NZS 2442.1:1996/Amdt 4:2006,185,6.10326786373,6.0,Cotton Cupboard Dry Dryness Level 2,243.0,"Australia,Fiji,New Zealand",Approved,80156,6.339,0.0,Condenser,600.0,2019-05-01,,Single product class,Available,http://www.whirlpool.com.au/,