Record ID,Status,Brand Name,Model Number,Selling Countries,Manufacturing Countries,Screen Size,Screen Technology,Comparative Energy Consumption,Active Standby Power,Star Rating Index,Star Rating,Product Website,Representative Brand URL
77365,Approved,hp,HSTND-4001-L,"Australia,New Zealand",China,58.421,LCD (LED),93.0,1.648,4.46774432293,4.0,,http://www.hp.com/
77365,Approved,hp,S231d,"Australia,New Zealand",China,58.421,LCD (LED),93.0,1.648,4.46774432293,4.0,,http://www.hp.com/
79894,Approved,LG,23M45VA,"Australia,New Zealand","China,""Korea, Republic of"",Indonesia",58.422,LCD,90.0,0.266,4.61459679684,4.5,,
76741,Approved,PHILIPS,221S3L,"Australia,New Zealand",Taiwan,54.687,LCD (LED),67.0,0.5,5.54598233213,5.5,,http://www.philips.com/
73264,Approved,DELL,E2214Hb,"Australia,Fiji,New Zealand",China,54.626,LCD (LED),68.0,0.22,5.47451356025,5.0,http://www.tuv.com/,
79262,Approved,LG,24MB35PYI,"Australia,New Zealand","China,Indonesia,""Korea, Republic of""",60.468,LCD,100.0,0.196,4.35370578031,4.0,,
76213,Approved,NEC,AS193i,"Australia,New Zealand",China,47.996,LCD,63.0,0.1,5.45812438919,5.0,http://www.nec-display.com/global/,http://www.nec.com.au
75400,Approved,lenovo,LT1423pwCA,"Australia,Fiji,New Zealand",China,33.706,LCD,30.0,0.47,6.85277680106,6.0,,
73231,Approved,lenovo,LS2323wA,"Australia,New Zealand",China,58.489,LCD (LED),84.0,0.29,4.93052023674,4.5,,http://www.lenovo.com/
80038,Approved,ViewSonic,VS15826,"Australia,New Zealand",China,43.26,LCD (LED),46.0,0.27,6.31629476231,6.0,,http://www.viewsonic.com/
73741,Approved,AOC,270LM00005,"Australia,New Zealand",China,68.599,LCD (LED),111.0,0.39,4.69587238475,4.5,,http://www.aocmonitorap.com/
73662,Approved,FUJITSU,P24W-6,"Australia,New Zealand",Germany,61.132,LCD (LED),76.0,0.6,5.80960394799,5.5,,http://www.fujitsu.com/
73661,Approved,FUJITSU,P23T-6 IPS,"Australia,New Zealand",Germany,58.421,LCD (LED),84.0,0.6,4.92387533684,4.5,,http://www.fujitsu.com/
73557,Approved,PHILIPS,278G4D,"Australia,New Zealand",Taiwan,68.579,LCD (LED),122.0,0.3,4.27119602719,4.0,,http://www.philips.com/
73544,Approved,PHILIPS,278C4Q,"Australia,New Zealand",Taiwan,68.579,LCD (LED),124.0,0.32,4.19832580183,4.0,,http://www.philips.com/
73541,Approved,PHILIPS,238C4Q,"Australia,New Zealand",Taiwan,58.421,LCD (LED),112.0,0.31,3.63465110985,3.5,,http://www.philips.com/
73518,Approved,DELL,E2014Hc,"Australia,Fiji,New Zealand",China,49.411,LCD (LED),49.0,0.19,6.33642763102,6.0,,http://www.dell.com/
73234,Approved,lenovo,LT1913pA,"Australia,Fiji,New Zealand",China,47.996,LCD (LED),64.0,0.19,5.38754938545,5.0,,http://www.lenovo.com/
73233,Approved,lenovo,LT1953wA,"Australia,Fiji,New Zealand",China,48.142,LCD (LED),61.0,0.2,5.39636324375,5.0,,http://www.lenovo.com/
79597,Approved,AOC,315LM00001,"Australia,Fiji,New Zealand",China,80.131,LCD (LED),150.0,0.363,4.41881023121,4.0,,
74073,Approved,PHILIPS,234E5Q,"Australia,New Zealand",Taiwan,58.421,LCD (LED),91.0,0.23,4.5651703364,4.5,,http://www.philips.com/
73967,Approved,PHILIPS,C271P4Q,"Australia,Fiji,New Zealand",Taiwan,68.566,LCD (LED),132.0,0.5,3.91627402267,3.5,,http://www.philips.com/
75140,Approved,SHARP,PN-K322B,"Australia,Fiji,New Zealand",China,80.076,LCD (LED),226.0,0.587,2.57696903575,2.5,,
73486,Approved,AOC,195LM00003,"Australia,Fiji,New Zealand",China,50.805,LCD (LED),66.0,0.43,5.19830987702,5.0,,http://www.aocmonitorap.com/
73410,Approved,AOC,290LM00001,"Australia,Fiji,New Zealand",China,73.019,LCD (LED),128.0,0.5,3.88663506539,3.5,,http://www.aocmonitorap.com/
73237,Approved,lenovo,LT2252wA,"Australia,Fiji,New Zealand",China,55.868,LCD (LED),76.0,0.21,5.25547645714,5.0,,http://www.lenovo.com/
74595,Approved,DELL,S2440Lb,"Australia,Fiji,New Zealand",China,60.939,LCD (LED),69.0,0.34,6.06610118113,6.0,,
74566,Approved,lenovo,E2223swA,"Australia,Fiji,New Zealand",China,57.533,LCD (LED),76.0,0.65,5.35106169651,5.0,,http://www.lenovo.com/
74544,Approved,ViewSonic,VS14441,"Australia,New Zealand",China,55.871,LCD,83.99,0.3,4.80774633614,4.5,,http://www.viewsonic.com/
74480,Approved,DELL,P2414Hb,"Australia,Fiji,New Zealand",China,60.444,LCD (LED),80.0,0.25,5.34848436229,5.0,,
73360,Approved,hp,W2072a,"Australia,Fiji,New Zealand",China,50.805,LCD (LED),78.0,0.28,4.44967034126,4.0,,http://www.hp.com/
73360,Approved,hp,HSTND-3491-A,"Australia,Fiji,New Zealand",China,50.805,LCD (LED),78.0,0.28,4.44967034126,4.0,,http://www.hp.com/
73358,Approved,hp,LV2011,"Australia,Fiji,New Zealand",China,50.805,LCD (LED),76.0,0.3,4.56607740859,4.5,,http://www.hp.com/
73358,Approved,hp,HSTND-3481-A,"Australia,Fiji,New Zealand",China,50.805,LCD (LED),76.0,0.3,4.56607740859,4.5,,http://www.hp.com/
73330,Approved,hp,E221,"Australia,New Zealand",China,54.683,LCD (LED),88.0,0.3,4.32379822479,4.0,,http://www.hp.com/
73330,Approved,hp,HSTND-3701-A,"Australia,New Zealand",China,54.683,LCD (LED),88.0,0.3,4.32379822479,4.0,,http://www.hp.com/
73330,Approved,hp,Z22i,"Australia,New Zealand",China,54.683,LCD (LED),88.0,0.3,4.32379822479,4.0,,http://www.hp.com/
73329,Approved,hp,HSTND-3431-A,"Australia,New Zealand",China,43.271,LCD (LED),74.0,0.7,4.18778730008,4.0,,http://www.hp.com/
73329,Approved,hp,L6017tm,"Australia,New Zealand",China,43.271,LCD (LED),74.0,0.7,4.18778730008,4.0,,http://www.hp.com/
73322,Approved,hp,HSTND-3551-A,"Australia,New Zealand",China,54.683,LCD (LED),94.0,0.4,4.02821286101,4.0,,http://www.hp.com/
73322,Approved,hp,L2206tmp,"Australia,New Zealand",China,54.683,LCD (LED),94.0,0.4,4.02821286101,4.0,,http://www.hp.com/
73322,Approved,hp,L2206tm,"Australia,New Zealand",China,54.683,LCD (LED),94.0,0.4,4.02821286101,4.0,,http://www.hp.com/
73312,Approved,hp,HSTND-3691-L,"Australia,New Zealand",China,50.806,LCD (LED),74.0,0.3,4.68580911097,4.5,,http://www.hp.com/
73312,Approved,hp,HSTND-3691-A,"Australia,New Zealand",China,50.806,LCD (LED),74.0,0.3,4.68580911097,4.5,,http://www.hp.com/
73312,Approved,hp,E201,"Australia,New Zealand",China,50.806,LCD (LED),74.0,0.3,4.68580911097,4.5,,http://www.hp.com/
73311,Approved,hp,HSTND-3871-A,"Australia,New Zealand",China,58.421,LCD (LED),90.0,1.62,4.61468929458,4.5,,http://www.hp.com/
73311,Approved,hp,23tm,"Australia,New Zealand",China,58.421,LCD (LED),90.0,1.62,4.61468929458,4.5,,http://www.hp.com/
74651,Approved,HP,P201 HSTND-3731-F ,"Australia,Fiji,New Zealand",China,50.805,LCD (LED),56.0,0.33,5.93456585394,5.5,,
73321,Approved,hp,HSTND-3751-A,"Australia,Fiji,New Zealand",China,58.487,LCD (LED),101.0,0.3,4.10476279495,4.0,,http://www.hp.com/
73321,Approved,hp,P231,"Australia,Fiji,New Zealand",China,58.487,LCD (LED),101.0,0.3,4.10476279495,4.0,,http://www.hp.com/
73327,Approved,hp,HSTND-3441-A,"Australia,New Zealand",China,38.014,LCD (LED),60.0,0.7,4.47177830807,4.0,,http://www.hp.com/
73327,Approved,hp,L6015tm,"Australia,New Zealand",China,38.014,LCD (LED),60.0,0.7,4.47177830807,4.0,,http://www.hp.com/
75162,Approved,Dell,P2312Ht,"Australia,Fiji,New Zealand",China,58.385,LCD,57.0,0.15,6.65610392106,6.0,,
75160,Approved,Dell,P2012Ht,"Australia,Fiji,New Zealand",China,50.818,LCD,48.0,0.2,6.6257920915,6.0,,
74018,Approved,AOC,215LM00030,"Australia,New Zealand",China,54.674,LCD (LED),84.0,0.28,4.53166652797,4.5,,http://www.aocmonitorap.com/
74378,Approved,SAMSUNG ELECTRONICS,S27B970DS,"Australia,Fiji,New Zealand","""Korea, Republic of""",68.506,LCD (LED),177.0,0.4,2.5967401759,2.5,,http://www.samsung.com.au
74528,Approved,ViewSonic,VS15465,"Australia,New Zealand",China,58.422,LCD,101.0,0.3,4.0978404495,4.0,,http://www.viewsonic.com/
74692,Approved,ViewSonic,VS15052,"Australia,New Zealand",China,54.625,LCD (LED),84.0,0.28,4.52599675467,4.5,,http://www.viewsonic.com/
74167,Approved,AOC,236LM00011,"Australia,New Zealand",China,59.81,LCD (LED),98.0,0.34,4.37618981967,4.0,,http://www.aocmonitorap.com/
74535,Approved,ViewSonic,VS15453,"Australia,New Zealand",China,59.81,LCD,77.0,0.3,5.45693831272,5.0,,http://www.viewsonic.com/
74593,Approved,AOC,215LM00019,"Australia,New Zealand",China,54.683,LCD (LED),101.0,0.3,3.70633156913,3.5,,http://www.aocmonitorap.com/
74611,Approved,AOC,195LM00002,"Australia,New Zealand",China,52.289,LCD (LED),72.0,0.24,4.86312083587,4.5,,http://www.aocmonitorap.com/
74072,Approved,PHILIPS,233V5L,"Australia,New Zealand",Taiwan,58.421,LCD (LED),91.0,0.18,4.5651703364,4.5,,http://www.philips.com/
73764,Approved,SAMSUNG ELECTRONICS,S22C450BW,"Australia,Fiji,New Zealand","""Korea, Republic of""",55.883,LCD (LED),81.0,0.21,4.97044333814,4.5,,http://www.samsung.com.au
74067,Approved,PHILIPS,200V4L,"Australia,New Zealand",China,49.565,LCD (LED),85.0,0.23,3.93041081072,3.5,,http://www.philips.com/
74660,Approved,DELL,E2213Hb,"Australia,Fiji,New Zealand",China,54.626,LCD (LED),65.0,0.19,5.67671718664,5.5,,
74076,Approved,PHILIPS,274G5D,"Australia,New Zealand",Taiwan,68.599,LCD (LED),136.0,0.34,3.78558533757,3.5,,http://www.philips.com/
74075,Approved,PHILIPS,239C4Q,"Australia,New Zealand",Taiwan,58.421,LCD (LED),86.0,0.35,4.81842529237,4.5,,http://www.philips.com/
74074,Approved,PHILIPS,234G5D,"Australia,New Zealand",Taiwan,58.421,LCD (LED),86.0,0.38,4.81842529237,4.5,,http://www.philips.com/
74030,Approved,AOC,230LM00026,"Australia,New Zealand",China,58.421,LCD (LED),94.0,0.34,4.41981423912,4.0,,http://www.aocmonitorap.com/
74029,Approved,AOC,230LM00025,"Australia,New Zealand",China,58.421,LCD (LED),96.0,0.41,4.32546506759,4.0,,http://www.aocmonitorap.com/
74028,Approved,AOC,215LM00036,"Australia,New Zealand",China,54.621,LCD (LED),94.0,0.28,4.02158461487,4.0,,http://www.aocmonitorap.com/
74026,Approved,PHILIPS,231C5T,"Australia,New Zealand",Taiwan,58.422,LCD (LED),85.0,0.42,4.87074766252,4.5,,http://www.philips.com/
74025,Approved,PHILIPS,243V5L,"Australia,New Zealand",Taiwan,59.809,LCD (LED),94.0,1.0,4.56303439938,4.5,,http://www.philips.com/
74013,Approved,PHILIPS,247E4L,"Australia,New Zealand",Taiwan,59.809,LCD (LED),82.0,0.3,5.17508674954,5.0,,http://www.philips.com/
74012,Approved,PHILIPS,220P4L,"Australia,New Zealand",Taiwan,55.868,LCD (LED),74.0,0.1,5.37498807612,5.0,,http://www.philips.com/
74001,Approved,lenovo,LT2013swA,"Australia,New Zealand",China,49.411,LCD (LED),62.0,0.22,5.28188634785,5.0,,http://www.lenovo.com/
73960,Approved,PHILIPS,236V4L,"Australia,New Zealand",Taiwan,58.421,LCD (LED),91.0,0.16,4.5651703364,4.5,,http://www.philips.com/
73924,Approved,AOC,240LM00010,"Australia,New Zealand",Taiwan,60.969,LCD (LED),90.0,0.69,4.87667520067,4.5,,http://www.aocmonitorap.com/
73874,Approved,PHILIPS,244E5Q,"Australia,New Zealand",China,60.47,LCD (LED),110.0,0.25,3.926398194,3.5,,http://www.philips.com/
73873,Approved,PHILIPS,226V4L,"Australia,New Zealand",China,54.687,LCD (LED),105.0,0.24,3.53262488523,3.5,,http://www.philips.com/
73872,Approved,PHILIPS,226V3L,"Australia,New Zealand",China,55.073,LCD (LED),90.0,0.19,4.26421156682,4.0,,http://www.philips.com/
73871,Approved,PHILIPS,223V5L,"Australia,New Zealand",China,54.687,LCD (LED),94.0,0.35,4.0285637875,4.0,,http://www.philips.com/
73866,Approved,PHILIPS,C240P4Q,"Australia,Fiji,New Zealand",Taiwan,64.997,LCD (LED),84.0,0.47,5.79799085781,5.5,,http://www.philips.com/
73855,Approved,SAMSUNG ELECTRONICS,S24C750P,"Australia,Fiji,New Zealand","""Korea, Republic of""",60.939,LCD (LED),131.0,0.18,3.19310388935,3.0,,http://www.samsung.com.au
73850,Approved,PHILIPS,242G5D,"Australia,New Zealand",Taiwan,60.965,LCD (LED),84.0,0.5,5.18552307685,5.0,,http://www.philips.com/
73849,Approved,PHILIPS,241P4Q,"Australia,New Zealand",Taiwan,60.965,LCD (LED),106.0,1.0,4.143044843,4.0,,http://www.philips.com/
73848,Approved,PHILIPS,240S4L,"Australia,New Zealand",Taiwan,61.132,LCD (LED),89.0,0.14,5.10197413518,5.0,,http://www.philips.com/
73847,Approved,PHILIPS,240B4L,"Australia,New Zealand",Taiwan,61.132,LCD (LED),99.0,0.3,4.6247769239,4.5,,http://www.philips.com/
73846,Approved,PHILIPS,221P3L,"Australia,New Zealand",Taiwan,54.687,LCD (LED),89.0,0.2,4.27351109705,4.0,,http://www.philips.com/
73845,Approved,PHILIPS,221B3L,"Australia,New Zealand",Taiwan,54.687,LCD (LED),87.0,0.2,4.37536593867,4.0,,http://www.philips.com/
73837,Approved,SAMSUNG ELECTRONICS,S20C300BL,"Australia,Fiji,New Zealand","""Korea, Republic of""",49.371,LCD (LED),58.0,0.18,5.59877786266,5.5,,http://www.samsung.com.au
73836,Approved,SAMSUNG ELECTRONICS,S23C350H,"Australia,Fiji,New Zealand","""Korea, Republic of""",58.521,LCD (LED),93.0,0.28,4.47874722224,4.0,,http://www.samsung.com.au
73834,Approved,SAMSUNG ELECTRONICS,S24C300HL,"Australia,Fiji,New Zealand","""Korea, Republic of""",59.774,LCD (LED),101.0,0.3,4.23719593711,4.0,,http://www.samsung.com.au
73833,Approved,SAMSUNG ELECTRONICS,S27C350H,"Australia,Fiji,New Zealand","""Korea, Republic of""",68.506,LCD (LED),136.0,0.28,3.77757128343,3.5,,http://www.samsung.com.au
73832,Approved,SAMSUNG ELECTRONICS,S22C350H,"Australia,Fiji,New Zealand","""Korea, Republic of""",54.626,LCD (LED),86.0,0.29,4.42209869236,4.0,,http://www.samsung.com.au
73831,Approved,SAMSUNG ELECTRONICS,S22C300B,"Australia,Fiji,New Zealand","""Korea, Republic of""",54.626,LCD (LED),86.0,0.29,4.42209869236,4.0,,http://www.samsung.com.au
73829,Approved,SAMSUNG ELECTRONICS,S24C200BL,"Australia,Fiji,New Zealand","""Korea, Republic of""",59.774,LCD (LED),91.0,0.11,4.70443332627,4.5,,http://www.samsung.com.au
73821,Approved,HP,20fi (HSTND-3611-N),"Australia,New Zealand",China,50.822,LCD (LED),69.0,0.51,5.00028567516,5.0,http://www.tuv.com/,
73820,Approved,HP,E231,"Australia,Fiji,New Zealand",China,58.421,LCD,75.0,0.28,5.43173028903,5.0,http://www.tuv.com/,
73818,Approved,HP Compaq,L2311c,"Australia,Fiji,New Zealand",China,58.421,LCD,106.0,0.37,3.88137860493,3.5,http://www.tuv.com/,
73815,Approved,HP,P221,"Australia,Fiji,New Zealand",China,54.687,LCD,72.0,0.45,5.22343884297,5.0,http://www.tuv.com/,
73780,Approved,PHILIPS,298X4Q,"Australia,New Zealand",Taiwan,75.928,LCD (LED),176.0,0.5,2.84282709672,2.5,,http://www.philips.com/
73778,Approved,PHILIPS,273V5L,"Australia,New Zealand",Taiwan,68.589,LCD (LED),106.0,1.0,4.90054781462,4.5,,http://www.philips.com/
73775,Approved,PHILIPS,273E3L,"Australia,New Zealand",Taiwan,68.599,LCD (LED),101.0,0.23,5.11896184405,5.0,,http://www.philips.com/
73774,Approved,PHILIPS,272P4Q,"Australia,New Zealand",Taiwan,68.554,LCD (LED),150.0,0.23,3.33923179094,3.0,,http://www.philips.com/
73772,Approved,PHILIPS,241B4L,"Australia,New Zealand",Taiwan,60.965,LCD (LED),106.0,1.0,4.143044843,4.0,,http://www.philips.com/
73770,Approved,PHILIPS,220B4L,"Australia,New Zealand",Taiwan,55.868,LCD (LED),74.0,0.1,5.37498807612,5.0,,http://www.philips.com/
73750,Approved,SAMSUNG ELECTRONICS,S24B150BL,"Australia,Fiji,New Zealand","""Korea, Republic of""",59.774,LCD (LED),83.0,0.42,5.11680867021,5.0,,http://www.samsung.com.au
73747,Approved,SAMSUNG ELECTRONICS,S19B420BW,"Australia,Fiji,New Zealand","""Korea, Republic of""",48.113,LCD (LED),68.0,0.32,4.90637840325,4.5,,http://www.samsung.com.au
73728,Approved,AOC,195LM00001,"Australia,New Zealand",China,49.407,LCD (LED),51.0,0.28,6.18364943899,6.0,,http://www.aocmonitorap.com/
73740,Approved,AOC,230LM00023,"Australia,New Zealand",China,58.421,LCD (LED),94.0,0.23,4.41981423912,4.0,,http://www.aocmonitorap.com/
73733,Approved,SAMSUNG ELECTRONICS,S23B350H,"Australia,Fiji,New Zealand","""Korea, Republic of""",58.521,LCD (LED),102.0,0.21,4.06478356706,4.0,,http://www.samsung.com.au
73731,Approved,SAMSUNG ELECTRONICS,S22B150N,"Australia,Fiji,New Zealand","""Korea, Republic of""",54.626,LCD (LED),84.0,0.32,4.52754873683,4.5,,http://www.samsung.com.au
73666,Approved,AOC,230LM00024,"Australia,New Zealand",China,58.421,LCD (LED),88.0,0.41,4.7153996029,4.5,,http://www.aocmonitorap.com/
73665,Approved,AOC,230LM00022,"Australia,New Zealand",China,58.421,LCD (LED),87.0,0.36,4.76661639029,4.5,,http://www.aocmonitorap.com/
73659,Approved,FUJITSU,B24W-6,"Australia,New Zealand",Germany,61.132,LCD (LED),81.0,0.4,5.52406661558,5.5,,http://www.fujitsu.com/
73657,Approved,FUJITSU,B23T-6,"Australia,New Zealand",Germany,58.487,LCD (LED),84.0,0.33,4.93070518455,4.5,,http://www.fujitsu.com/
73656,Approved,FUJITSU,B22T-7,"Australia,New Zealand",Germany,54.621,LCD (LED),77.0,0.7,4.91558024792,4.5,,http://www.fujitsu.com/
73647,Approved,PHILIPS,17S4,"Australia,New Zealand",Taiwan,43.275,LCD (LED),74.0,0.3,4.1883127874,4.0,,http://www.philips.com/
73543,Approved,PHILIPS,274E5Q,"Australia,New Zealand",Taiwan,68.599,LCD (LED),128.0,0.37,4.05726973741,4.0,,http://www.philips.com/
73415,Approved,Dell,S2240Lc,"Australia,Fiji,New Zealand",China,54.625,LCD (LED),64.0,0.28,5.74464597793,5.5,,http://www.dell.com/
73392,Approved,hp,E231,"Australia,New Zealand",China,58.421,LCD (LED),91.0,0.33,4.5651703364,4.5,,http://www.hp.com/
73392,Approved,hp,HSTND-3711-L,"Australia,New Zealand",China,58.421,LCD (LED),91.0,0.33,4.5651703364,4.5,,http://www.hp.com/
73397,Approved,hp,HSTND-3521-A,"Australia,New Zealand",China,58.421,LCD (LED),106.0,0.27,3.881397103,3.5,,http://www.hp.com/
73397,Approved,hp,W2371d,"Australia,New Zealand",China,58.421,LCD (LED),106.0,0.27,3.881397103,3.5,,http://www.hp.com/
73325,Approved,hp,HSTND-3451-A,"Australia,New Zealand",China,26.3,LCD (LED),32.0,0.5,5.94289950721,5.5,,http://www.hp.com/
73325,Approved,hp,L6010,"Australia,New Zealand",China,26.3,LCD (LED),32.0,0.5,5.94289950721,5.5,,http://www.hp.com/
73261,Approved,lenovo,LT1952pwD,"Australia,Fiji,New Zealand",China,48.142,LCD,65.0,0.39,5.1117329896,5.0,http://www.tuv.com/,
73213,Approved,DELL,P1914Sf,"Australia,Fiji,New Zealand",China,48.192,LCD,60.0,0.27,5.69939609585,5.5,http://www.tuv.com/,
73199,Approved,lenovo,LS1922wA,"Australia,Fiji,New Zealand",China,47.013,LCD (LED),46.0,0.27,6.4031880868,6.0,,http://www.lenovo.com/
72916,Approved,DELL,E2014Hf,"Australia,Fiji,New Zealand",China,49.407,LCD,57.0,0.19,5.6852006402,5.5,http://www.tuv.com/,
78017,Approved,AOC,238LM00003,"Australia,New Zealand",China,60.47,LCD (LED),93.0,0.32,4.67874291403,4.5,,http://www.aocmonitorap.com/
78016,Approved,AOC,195LM00006,"Australia,New Zealand",China,49.411,LCD (LED),66.0,0.201,5.00170636231,5.0,,http://www.aocmonitorap.com/
79082,Approved,LG,34UM65,"Australia,New Zealand","China,Indonesia,""Korea, Republic of""",86.603,LCD (LED),127.0,0.28,5.07321895605,5.0,http://www.lge.com.au/,http://www.lge.com.au/
80060,Approved,BenQ,VZ2350HM,"Australia,Fiji,New Zealand",China,58.421,LCD (LED),76.0,0.39,5.37239136147,5.0,,
80060,Approved,BenQ,VZ2350,"Australia,Fiji,New Zealand",China,58.421,LCD (LED),76.0,0.39,5.37239136147,5.0,,
79895,Approved,LG,27M45VA,"Australia,New Zealand","China,""Korea, Republic of"",Indonesia",68.599,LCD,110.0,0.264,4.73638525871,4.5,,
79294,Approved,LG,24MP76HMB,"Australia,New Zealand","China,Indonesia,""Korea, Republic of""",60.468,LCD,90.0,0.17,4.82587051479,4.5,,
80056,Approved,AOC,215LM00041,"Australia,New Zealand",China,54.687,LCD (LED),94.0,0.42,4.0285637875,4.0,,http://www.aocmonitorap.com/
74690,Approved,ViewSonic,VS14886,"Australia,New Zealand",China,68.599,LCD (LED),94.0,0.38,5.44079989493,5.0,,http://www.viewsonic.com/
74723,Approved,HP,23fi (HSTND-3631-N),"Australia,New Zealand",China,58.421,LCD (LED),89.0,0.51,4.6647430506,4.5,http://www.amtran.com/,
74590,Approved,DELL,E1713Sb,"Australia,Fiji,New Zealand",China,43.26,LCD,59.0,0.22,5.2008870082,5.0,,
74591,Approved,DELL,S2240Tb,"Australia,Fiji,New Zealand",China,54.626,LCD (LED),67.0,0.28,5.54090618374,5.5,,
74724,Approved,HP,25xi (HSTND-3641-N),"Australia,New Zealand",China,63.444,LCD (LED),91.0,0.42,5.07765243786,5.0,http://www.amtran.com/,
74584,Approved,DELL,P2212Hb,"Australia,Fiji,New Zealand",China,54.626,LCD (LED),65.0,0.1,5.67671718664,5.5,,
75395,Approved,Fujitsu,E20T-6 LED,"Australia,Fiji,New Zealand",China,50.818,LCD,50.0,0.38,6.44285158401,6.0,,
74536,Approved,ViewSonic,VS15451,"Australia,New Zealand",China,54.625,LCD,98.0,0.28,3.83518279694,3.5,,http://www.viewsonic.com/
74599,Approved,ViewSonic,VS15153,"Australia,New Zealand",China,59.774,LCD (LED),87.0,0.22,4.90587938016,4.5,,http://www.viewsonic.com/
74547,Approved,ViewSonic,VS13818,"Australia,New Zealand",China,54.683,LCD,82.0,0.2,4.64026521117,4.5,,http://www.viewsonic.com/
75558,Approved,NEC,EA234WMi,"Australia,New Zealand",China,58.421,LCD (LED),82.0,0.36,5.03186658928,5.0,http://www.nec-display.com/global/,http://www.nec.com.au
75243,Approved,ViewSonic,VS15560,"Australia,New Zealand",China,54.626,LCD (LED),70.0,0.18,5.34460822934,5.0,,http://www.viewsonic.com/
74842,Approved,BenQ,GW2750HE,"Australia,New Zealand",China,68.568,LCD (LED),122.0,0.41,4.26971962193,4.0,http://www.benq.com.au/,http://benqshop.com.au/
74842,Approved,BenQ,GW2750HM,"Australia,New Zealand",China,68.568,LCD (LED),122.0,0.41,4.26971962193,4.0,http://www.benq.com.au/,http://benqshop.com.au/
74833,Approved,BenQ,GL2460HE,"Australia,New Zealand",China,60.969,LCD (LED),101.0,0.26,4.35991885332,4.0,http://www.benq.com.au/,http://benqshop.com.au/
74833,Approved,BenQ,GL2460M,"Australia,New Zealand",China,60.969,LCD (LED),101.0,0.26,4.35991885332,4.0,http://www.benq.com.au/,http://benqshop.com.au/
74833,Approved,BenQ,GL2460E,"Australia,New Zealand",China,60.969,LCD (LED),101.0,0.26,4.35991885332,4.0,http://www.benq.com.au/,http://benqshop.com.au/
74833,Approved,BenQ,GL2460,"Australia,New Zealand",China,60.969,LCD (LED),101.0,0.26,4.35991885332,4.0,http://www.benq.com.au/,http://benqshop.com.au/
74833,Approved,BenQ,GL2460HM,"Australia,New Zealand",China,60.969,LCD (LED),101.0,0.26,4.35991885332,4.0,http://www.benq.com.au/,http://benqshop.com.au/
74542,Approved,ViewSonic,VS14863,"Australia,New Zealand",China,43.271,LCD,66.0,0.25,4.70050814952,4.5,,http://www.viewsonic.com/
74706,Approved,AOC,200LM00010,"Australia,New Zealand",China,50.779,LCD (LED),81.0,0.25,4.27732099141,4.0,,http://www.aocmonitorap.com/
73648,Approved,lenovo,LT1421wD,"Australia,Fiji,New Zealand",China,35.495,LCD,26.0,0.29,7.68949439232,7.0,http://www.tuv.com/,
74549,Approved,ViewSonic,VS13780,"Australia,New Zealand",China,48.141,LCD,56.0,0.2,5.77988653805,5.5,,http://www.viewsonic.com/
73207,Approved,Hewlett Packard Company,E221,"Australia,Fiji,New Zealand",China,54.683,LCD (LED),75.0,0.21,5.04014740899,5.0,http://www.tuv.com/,
74689,Approved,ViewSonic,VS14818,"Australia,New Zealand",China,68.565,LCD (LED),109.0,0.32,4.77416115821,4.5,,http://www.viewsonic.com/
74813,Approved,BenQ,GW2760SE,"Australia,New Zealand",China,68.568,LCD (LED),144.0,0.21,3.52673487571,3.5,http://www.benq.com.au/,http://benqshop.com.au/
74813,Approved,BenQ,GW2760S,"Australia,New Zealand",China,68.568,LCD (LED),144.0,0.21,3.52673487571,3.5,http://www.benq.com.au/,http://benqshop.com.au/
74813,Approved,BenQ,GW2760HS,"Australia,New Zealand",China,68.568,LCD (LED),144.0,0.21,3.52673487571,3.5,http://www.benq.com.au/,http://benqshop.com.au/
75397,Approved,Fujitsu,B27T-7,"Australia,Fiji,New Zealand",China,68.599,LCD,86.0,0.31,5.83941094818,5.5,,
76250,Approved,LG,23CAT42KL,"Australia,New Zealand","China,Indonesia,""Korea, Republic of""",58.422,LCD (LED),80.0,0.38,5.14243206236,5.0,http://www.lge.com.au/,http://www.lge.com.au/
74665,Approved,DELL,P1913Sb,"Australia,Fiji,New Zealand",China,48.164,LCD (LED),50.0,0.2,6.51358495689,6.0,,
74543,Approved,ViewSonic,VS14517,"Australia,New Zealand",China,55.871,LCD,74.0,0.3,5.3752404456,5.0,,http://www.viewsonic.com/
74179,Approved,ASUS,MX239HR,"Australia,Fiji,New Zealand",China,58.385,LCD (LED),95.0,0.38,4.36687969406,4.0,http://www.asus.com/,http://www.asus.com/
74179,Approved,ASUS,MX239H,"Australia,Fiji,New Zealand",China,58.385,LCD (LED),95.0,0.38,4.36687969406,4.0,http://www.asus.com/,http://www.asus.com/
75191,Approved,DELL,U2414Hb,"Australia,Fiji,New Zealand",China,60.444,LCD,63.0,0.46,6.41905936603,6.0,,
75986,Approved,LG,24EB23PYC,"Australia,New Zealand","China,""Korea, Republic of"",Indonesia",60.969,LCD,80.0,0.33,5.40451046618,5.0,http://www.lge.com.au/,http://www.lge.com.au/
76712,Approved,lenovo,LT1713pC,"Australia,Fiji,New Zealand",China,43.275,LCD,43.0,0.23,6.62108128463,6.0,,
74597,Approved,ViewSonic,VS14782,"Australia,New Zealand",China,59.809,LCD (LED),80.0,0.43,5.28574472036,5.0,,http://www.viewsonic.com/
75388,Approved,lenovo,LT2423wC,"Australia,Fiji,New Zealand",China,60.956,LCD,73.0,0.24,5.81323563289,5.5,,
76875,Approved,LG,E1910PW,"Australia,New Zealand","Indonesia,""Korea, Republic of"",China",48.183,LCD (LED),60.0,0.18,5.47398180615,5.0,http://www.lge.com.au/,http://www.lge.com.au/
75389,Approved,lenovo,LT2223pwC,"Australia,Fiji,New Zealand",China,54.611,LCD,80.0,0.42,4.74295819414,4.5,,
75276,Approved,acer,T232HL,"Australia,Fiji,New Zealand",China,58.422,LCD,81.0,0.32,5.08676153133,5.0,,
76874,Approved,LG,23CAV42KL,"Australia,New Zealand","""Korea, Republic of"",Indonesia,China",58.422,LCD (LED),80.0,0.38,5.14243206236,5.0,http://www.lge.com.au/,http://www.lge.com.au/
75232,Approved,HP,22fi (HSTND-3621-N),"Australia,New Zealand",China,54.621,LCD (LED),98.0,0.49,3.83481285282,3.5,http://www.amtran.com/,
76564,Approved,SAMSUNG ELECTRONICS,S24C650BW,"Australia,Fiji,New Zealand","""Korea, Republic of""",61.098,LCD (LED),95.0,0.16,4.80716291618,4.5,,http://www.samsung.com.au
75392,Approved,lenovo,LS2023wC,"Australia,Fiji,New Zealand",China,50.801,LCD,57.0,0.26,5.8544211939,5.5,,
76220,Approved,NEC,AS222WM,"Australia,New Zealand",China,54.621,LCD (LED),93.0,0.32,4.06951469869,4.0,http://www.nec-display.com/global/,http://www.nec.com.au
75983,Approved,LG,23EA53VA,"Australia,New Zealand","""Korea, Republic of"",Indonesia,China",58.422,LCD,80.0,0.29,5.14243206236,5.0,http://www.lge.com.au/,http://www.lge.com.au/
74374,Approved,ViewSonic,VS14833,"Australia,New Zealand",China,54.687,LCD (LED),68.0,0.31,5.47958970865,5.0,,http://www.viewsonic.com/
75399,Approved,lenovo,LT1423pwC,"Australia,Fiji,New Zealand",China,33.706,LCD,34.0,0.46,6.29186817423,6.0,,
77055,Approved,HP,V201,"Australia,Fiji,New Zealand",China,49.407,LCD (LED),65.0,0.3,5.09662883839,5.0,,
76340,Approved,hp,HSTND-3811-L,"Australia,New Zealand",China,54.687,LCD (LED),91.0,0.272,4.17391988479,4.0,,http://www.hp.com/
76340,Approved,hp,W2271d,"Australia,New Zealand",China,54.687,LCD (LED),91.0,0.272,4.17391988479,4.0,,http://www.hp.com/
75316,Approved,BenQ,BL902TM,"Australia,Fiji,New Zealand",China,48.193,LCD (LED),59.0,0.124,5.77475265064,5.5,,
74602,Approved,LG,24EN43VSA,"Australia,New Zealand","China,""Korea, Republic of"",Indonesia",59.81,LCD,70.0,0.291,5.88406326992,5.5,http://www.lge.com.au/,http://www.lge.com.au/
75278,Approved,acer,T272HL,"Australia,Fiji,New Zealand",China,68.568,LCD,122.0,0.4016,4.26971962193,4.0,,
76809,Approved,GAEMS,G155,"Australia,Fiji,New Zealand",China,39.673,LCD (LED),33.0,0.3435,7.08641205554,7.0,,
76811,Approved,GAEMS,G155 CI,"Australia,Fiji,New Zealand",China,39.673,LCD (LED),33.0,0.4915,7.08641205554,7.0,,
76238,Approved,LG,23EN43VA,"Australia,New Zealand","China,Indonesia,""Korea, Republic of""",58.422,LCD (LED),80.0,0.22,5.14243206236,5.0,http://www.lge.com.au/,http://www.lge.com.au/
75663,Approved,NEC,AS192WM,"Australia,New Zealand",China,48.141,LCD,57.0,0.39,5.70056729716,5.5,http://www.nec-display.com/global/,http://www.nec.com.au
76240,Approved,LG,27EB22PYC,"Australia,New Zealand","Indonesia,""Korea, Republic of"",China",68.599,LCD (LED),100.0,0.25,5.16351021591,5.0,http://www.lge.com.au/,http://www.lge.com.au/
76243,Approved,LG,IPS235PX,"Australia,New Zealand","China,""Korea, Republic of"",Indonesia",58.422,LCD (LED),70.0,0.18,5.74084233162,5.5,http://www.lge.com.au/,http://www.lge.com.au/
76242,Approved,LG,E2211PUX,"Australia,New Zealand","Indonesia,""Korea, Republic of"",China",55.871,LCD (LED),80.0,0.29,5.02586202525,5.0,http://www.lge.com.au/,http://www.lge.com.au/
76241,Approved,LG,E2210PMW,"Australia,New Zealand","China,""Korea, Republic of"",Indonesia",55.871,LCD (LED),70.0,0.19,5.6242722945,5.5,http://www.lge.com.au/,http://www.lge.com.au/
76806,Approved,GAEMS,G190,"Australia,Fiji,New Zealand",China,47.011,LCD (LED),55.0,0.4438,5.59918052495,5.5,,
74545,Approved,ViewSonic,VS14298,"Australia,New Zealand",China,54.683,LCD,88.0,0.2,4.32379822479,4.0,,http://www.viewsonic.com/
74774,Approved,HP,Envy 23 (HSTND-3861-R),"Australia,New Zealand",China,58.421,LCD (LED),86.0,0.4524,4.8184067943,4.5,http://www.amtran.com/,
73800,Approved,LG,20EN33TSA,"Australia,New Zealand","China,""Korea, Republic of"",Indonesia",49.411,LCD,70.0,0.17,4.73801736177,4.5,http://www.lge.com.au/,http://www.lge.com.au/
77010,Approved,PHILIPS,273V5Q,"Australia,New Zealand",Taiwan,68.565,LCD (LED),180.0,0.5,2.52624063482,2.5,,http://www.philips.com/
74909,Approved,LG,22EN43TA,"Australia,New Zealand","China,Indonesia,""Korea, Republic of""",54.683,LCD,70.0,0.17,5.34933345125,5.0,http://www.lge.com.au/,http://www.lge.com.au/
76876,Approved,LG,E2210PW,"Australia,New Zealand","Indonesia,""Korea, Republic of"",China",55.871,LCD (LED),70.0,0.18,5.6242722945,5.5,http://www.lge.com.au/,http://www.lge.com.au/
76877,Approved,LG,22EB23PC,"Australia,New Zealand","China,""Korea, Republic of"",Indonesia",55.871,LCD (LED),70.0,0.18,5.6242722945,5.5,http://www.lge.com.au/,http://www.lge.com.au/
74648,Approved,HP Compaq,LA2206xc,"Australia,Fiji,New Zealand",China,54.687,LCD (LED),86.0,0.37,4.42717484076,4.0,,
73077,Approved,Dell,E2414Ht,"Australia,Fiji,New Zealand",China,60.939,LCD,65.0,0.26,6.33372816093,6.0,,
75573,Approved,PHILIPS,17S4L,"Australia,New Zealand",China,43.275,LCD (LED),64.0,0.2,4.83893436705,4.5,,http://www.philips.com/
75381,Approved,AOC,238LM00002,"Australia,New Zealand",China,60.47,LCD (LED),85.0,0.32,5.08183875136,5.0,,http://www.aocmonitorap.com/
75184,Approved,BenQ,BL2410PT,"Australia,New Zealand",China,60.969,LCD (LED),95.0,0.18,4.63437726756,4.5,http://www.benq.com.au/,http://benqshop.com.au/
75184,Approved,BenQ,BL2410PH,"Australia,New Zealand",China,60.969,LCD (LED),95.0,0.18,4.63437726756,4.5,http://www.benq.com.au/,http://benqshop.com.au/
75184,Approved,BenQ,BL2410PE,"Australia,New Zealand",China,60.969,LCD (LED),95.0,0.18,4.63437726756,4.5,http://www.benq.com.au/,http://benqshop.com.au/
75184,Approved,BenQ,BL2410,"Australia,New Zealand",China,60.969,LCD (LED),95.0,0.18,4.63437726756,4.5,http://www.benq.com.au/,http://benqshop.com.au/
73516,Approved,DELL,E1914Hc,"Australia,Fiji,New Zealand",China,47.013,LCD (LED),43.0,0.38,6.70542079932,6.0,,http://www.dell.com/
74587,Approved,DELL,P2412Hb,"Australia,Fiji,New Zealand",China,60.939,LCD (LED),89.0,0.1,4.92544592295,4.5,,
76384,Approved,ViewSonic,VS14761,"Australia,New Zealand",China,54.626,LCD (LED),77.0,0.28,4.91748327215,4.5,,http://www.viewsonic.com/
74538,Approved,ViewSonic,VS15023,"Australia,New Zealand",China,58.421,LCD (LED),85.0,0.46,4.8708216622,4.5,,http://www.viewsonic.com/
76247,Approved,LG,27EA53VA,"Australia,New Zealand","""Korea, Republic of"",Indonesia,China",68.599,LCD (LED),90.0,0.29,5.63567495039,5.5,http://www.lge.com.au/,http://www.lge.com.au/
78000,Approved,lenovo,E1922swD,"Australia,Fiji,New Zealand",China,47.013,LCD,56.0,0.29,5.5216466168,5.5,,
74596,Approved,DELL,S2740Lb,"Australia,Fiji,New Zealand",China,68.593,LCD (LED),79.0,0.34,6.21747077604,6.0,,
76883,Approved,PHILIPS,284E5Q,"Australia,New Zealand",Taiwan,70.847,LCD (LED),109.0,0.34,4.95201238065,4.5,,http://www.philips.com/
76249,Approved,LG,27EN43VA,"Australia,New Zealand","China,Indonesia,""Korea, Republic of""",68.599,LCD (LED),80.0,0.27,6.16351021591,6.0,http://www.lge.com.au/,http://www.lge.com.au/
75538,Approved,SHARP,PN-K321,"Australia,Fiji,New Zealand",Japan,80.076,LCD (LED),203.0,0.6,3.05795546623,3.0,,
78018,Approved,AOC,270LM00013,"Australia,New Zealand",China,68.599,LCD (LED),105.0,0.34,4.94490423366,4.5,,http://www.aocmonitorap.com/
75652,Approved,BenQ,GW2760E,"Australia,Fiji,New Zealand",China,68.565,LCD (LED),129.0,0.25,4.0192008596,4.0,,
75652,Approved,BenQ,GW2760HE,"Australia,Fiji,New Zealand",China,68.565,LCD (LED),129.0,0.25,4.0192008596,4.0,,
75652,Approved,BenQ,GW2760M,"Australia,Fiji,New Zealand",China,68.565,LCD (LED),129.0,0.25,4.0192008596,4.0,,
75652,Approved,BenQ,GW2760,"Australia,Fiji,New Zealand",China,68.565,LCD (LED),129.0,0.25,4.0192008596,4.0,,
75652,Approved,BenQ,GW2760HM,"Australia,Fiji,New Zealand",China,68.565,LCD (LED),129.0,0.25,4.0192008596,4.0,,
76339,Approved,AOC,230LM00008,"Australia,New Zealand",China,58.487,LCD (LED),101.0,0.28,4.10476279495,4.0,,http://www.aocmonitorap.com/
78001,Approved,lenovo,E1922 wD,"Australia,Fiji,New Zealand",China,47.013,LCD,45.0,0.26,6.50168480153,6.0,,
74663,Approved,DELL,P1913b,"Australia,Fiji,New Zealand",China,48.113,LCD (LED),48.0,0.2,6.46728703008,6.0,,
74737,Approved,HP,Envy 27 (HSTND-3601-N),"Australia,New Zealand",China,68.599,LCD (LED),114.0,0.35,4.57636076578,4.5,http://www.amtran.com/,
76248,Approved,LG,23ET63VB,"Australia,New Zealand","""Korea, Republic of"",Indonesia,China",58.422,LCD (LED),90.0,0.17,4.61459679684,4.5,http://www.lge.com.au/,http://www.lge.com.au/
75189,Approved,BenQ,XL2420ZE,"Australia,New Zealand",China,60.969,LCD (LED),126.0,0.43,3.36880175042,3.0,http://www.benq.com.au/,http://benqshop.com.au/
75189,Approved,BenQ,XL2420Z,"Australia,New Zealand",China,60.969,LCD (LED),126.0,0.43,3.36880175042,3.0,http://www.benq.com.au/,http://benqshop.com.au/
75189,Approved,BenQ,XL2420TE,"Australia,New Zealand",China,60.969,LCD (LED),126.0,0.43,3.36880175042,3.0,http://www.benq.com.au/,http://benqshop.com.au/
75189,Approved,BenQ,XL2420T,"Australia,New Zealand",China,60.969,LCD (LED),126.0,0.43,3.36880175042,3.0,http://www.benq.com.au/,http://benqshop.com.au/
74570,Approved,lenovo,E2323swA,"Australia,Fiji,New Zealand",China,57.533,LCD (LED),86.0,0.53,4.7970956274,4.5,,http://www.lenovo.com/
73407,Approved,PHILIPS,203V5L,"Australia,New Zealand",Taiwan,49.411,LCD (LED),66.0,0.138,5.00170636231,5.0,,http://www.philips.com/
76251,Approved,LG,27EA63VB,"Australia,New Zealand","China,Indonesia,""Korea, Republic of""",68.599,LCD (LED),100.0,0.21,5.16351021591,5.0,http://www.lge.com.au/,http://www.lge.com.au/
75163,Approved,Dell,P2714Tt,"Australia,Fiji,New Zealand",China,68.593,LCD,71.0,0.49,6.69594292904,6.0,,
74066,Approved,AOC,185LM00017,"Australia,New Zealand",China,47.013,LCD (LED),57.0,0.21,5.44232737591,5.0,,http://www.aocmonitorap.com/
75179,Approved,Dell,P2213t,"Australia,Fiji,New Zealand",China,55.883,LCD,58.0,0.23,6.46726519187,6.0,,
75173,Approved,Dell,U2312HMt,"Australia,Fiji,New Zealand",China,58.385,LCD,72.0,0.34,5.60917762717,5.5,,
75157,Approved,Dell,P2314Tt,"Australia,Fiji,New Zealand",China,58.385,LCD,67.0,0.52,5.93172111633,5.5,,
74688,Approved,ViewSonic,VS14880,"Australia,New Zealand",China,58.422,LCD (LED),92.0,0.28,4.51610008211,4.5,,http://www.viewsonic.com/
75180,Approved,Dell,P2014Ht,"Australia,Fiji,New Zealand",China,49.402,LCD,39.0,0.21,7.35600863914,7.0,,
73178,Approved,Dell,P2314Ht,"Australia,Fiji,New Zealand",China,58.385,LCD,69.0,0.22,5.79990513943,5.5,,
73159,Approved,ViewSonic,VS15556,"Australia,New Zealand",China,54.626,LCD,92.0,0.35,4.11986597984,4.0,,http://www.viewsonic.com/
75199,Approved,PHILIPS,200S4L,"Australia,New Zealand",China,52.051,LCD (LED),82.0,0.34,4.23737886932,4.0,,http://www.philips.com/
74772,Approved,HP,E271i (HSTND-3831-R),"Australia,New Zealand",China,68.599,LCD (LED),102.0,0.3396,5.07480956456,5.0,http://www.amtran.com/,
74540,Approved,ViewSonic,VS15103,"Australia,New Zealand",China,48.194,LCD,52.0,0.25,6.34094864409,6.0,,http://www.viewsonic.com/
74588,Approved,ViewSonic,VS14995,"Australia,New Zealand",China,59.809,LCD (LED),75.0,0.42,5.57496894736,5.5,,http://www.viewsonic.com/
75021,Approved,AOC,238LM00001,"Australia,New Zealand",China,60.47,LCD (LED),93.0,0.32,4.67874291403,4.5,,http://www.aocmonitorap.com/
74541,Approved,ViewSonic,VS15032,"Australia,New Zealand",China,49.565,LCD,62.0,0.25,5.3443744659,5.0,,http://www.viewsonic.com/
74539,Approved,ViewSonic,VS15449,"Australia,New Zealand",China,52.295,LCD,70.0,0.25,5.14301318855,5.0,,http://www.viewsonic.com/
75174,Approved,SAMSUNG ELECTRONICS,S24C450BL,"Australia,Fiji,New Zealand","""Korea, Republic of""",59.774,LCD (LED),91.0,0.11,4.70443332627,4.5,,http://www.samsung.com.au
74838,Approved,BenQ,XL2411ZE,"Australia,New Zealand",China,60.969,LCD (LED),133.0,0.45,3.12650381731,3.0,http://www.benq.com.au/,http://benqshop.com.au/
74838,Approved,BenQ,XL2411Z,"Australia,New Zealand",China,60.969,LCD (LED),133.0,0.45,3.12650381731,3.0,http://www.benq.com.au/,http://benqshop.com.au/
74838,Approved,BenQ,XL2411TE,"Australia,New Zealand",China,60.969,LCD (LED),133.0,0.45,3.12650381731,3.0,http://www.benq.com.au/,http://benqshop.com.au/
74838,Approved,BenQ,XL2411T,"Australia,New Zealand",China,60.969,LCD (LED),133.0,0.45,3.12650381731,3.0,http://www.benq.com.au/,http://benqshop.com.au/
74843,Approved,BenQ,XL2720ZE,"Australia,New Zealand",China,68.568,LCD (LED),126.0,0.28,4.12514514497,4.0,http://www.benq.com.au/,http://benqshop.com.au/
74843,Approved,BenQ,XL2720Z,"Australia,New Zealand",China,68.568,LCD (LED),126.0,0.28,4.12514514497,4.0,http://www.benq.com.au/,http://benqshop.com.au/
74546,Approved,ViewSonic,VS13860,"Australia,New Zealand",China,59.81,LCD,93.0,0.2,4.61087276349,4.5,,http://www.viewsonic.com/
74679,Approved,HP Compaq,LA1956x,"Australia,Fiji,New Zealand",China,48.193,LCD (LED),62.0,0.41,5.55248792085,5.5,,
75882,Approved,Lenovo,E2013wD,"Australia,Fiji,New Zealand",China,49.407,LCD (LED),59.0,0.22,5.53065359698,5.5,,
75127,Approved,SHARP,LLS201A,"Australia,Fiji,New Zealand",Japan,49.478,LCD (LED),93.0,1.9,3.52108816619,3.5,,
75892,Approved,PHILIPS,C272P4Q,"Australia,Fiji,New Zealand",Taiwan,68.467,LCD (LED),150.0,0.395,3.33367088808,3.0,,http://www.philips.com/
75396,Approved,Fujitsu,B22W-7,"Australia,Fiji,New Zealand",China,55.883,LCD,62.0,0.23,6.16839312451,6.0,,
74684,Approved,Hewlett-Packard Company,E221c,"Australia,Fiji,New Zealand",China,54.683,LCD (LED),80.0,0.44,4.75092318199,4.5,,
74159,Approved,LG,E2411PUX,"Australia,New Zealand","Indonesia,""Korea, Republic of"",China",60.969,LCD,80.0,0.31,5.40451046618,5.0,http://www.lge.com.au/,http://www.lge.com.au/
75176,Approved,Dell,S2340Tt,"Australia,Fiji,New Zealand",China,58.385,LCD,81.0,0.76,5.08134236165,5.0,,
75181,Approved,Dell,E2014Tt,"Australia,Fiji,New Zealand",China,49.404,LCD,52.0,0.87,6.0959597057,6.0,,
74603,Approved,LG,22EN33TA,"Australia,New Zealand","Indonesia,""Korea, Republic of"",China",54.683,LCD,70.0,0.17,5.34933345125,5.0,http://www.lge.com.au/,http://www.lge.com.au/
76424,Approved,SAMSUNG ELECTRONICS,S27A850DS,"Australia,Fiji,New Zealand","""Korea, Republic of""",68.816,LCD (LED),183.0,0.99,2.4738946695,2.0,,http://www.samsung.com.au
74726,Approved,HP,27xi (HSTND-3651-N),"Australia,New Zealand",China,68.599,LCD (LED),107.0,0.42,4.86034662851,4.5,http://www.amtran.com/,
74707,Approved,ViewSonic,VS15562,"Australia,New Zealand",China,59.774,LCD (LED),78.0,0.18,5.39524728401,5.0,,http://www.viewsonic.com/
73417,Approved,Dell,S2340Lc,"Australia,Fiji,New Zealand",China,58.421,LCD (LED),74.0,0.31,5.49190298045,5.0,,http://www.dell.com/
75985,Approved,LG,19EN33TA,"Australia,New Zealand","China,Indonesia,""Korea, Republic of""",47.013,LCD,50.0,0.17,6.02952006705,6.0,http://www.lge.com.au/,http://www.lge.com.au/
75280,Approved,acer,G236HL,"Australia,Fiji,New Zealand",China,58.422,LCD,90.0,0.38,4.61459679684,4.5,,
74653,Approved,AOC,215LM00041,"Australia,New Zealand",China,54.634,LCD (LED),75.0,0.19,5.0344777241,5.0,,http://www.aocmonitorap.com/
75461,Approved,AOC,185LM00019,"Australia,New Zealand",China,47.013,LCD (LED),59.0,0.18,5.28778033268,5.0,,http://www.aocmonitorap.com/
77167,Approved,PHILIPS,273V5L,"Australia,New Zealand",Taiwan,68.565,LCD (LED),163.0,0.5,2.97082731231,2.5,,http://www.philips.com/
76940,Approved,BenQ,GL2250HM,"Australia,Fiji,New Zealand",China,54.687,LCD (LED),70.0,0.288,5.34968437774,5.0,,
76940,Approved,BenQ,GL2250HE,"Australia,Fiji,New Zealand",China,54.687,LCD (LED),70.0,0.288,5.34968437774,5.0,,
76940,Approved,BenQ,GL2250M,"Australia,Fiji,New Zealand",China,54.687,LCD (LED),70.0,0.288,5.34968437774,5.0,,
76940,Approved,BenQ,GL2250E,"Australia,Fiji,New Zealand",China,54.687,LCD (LED),70.0,0.288,5.34968437774,5.0,,
76940,Approved,BenQ,GL2250,"Australia,Fiji,New Zealand",China,54.687,LCD (LED),70.0,0.288,5.34968437774,5.0,,
75387,Approved,lenovo,LT2223dwC,"Australia,Fiji,New Zealand",China,54.683,LCD,59.0,0.47,6.11546716713,6.0,,
75390,Approved,lenovo,LT2223zwC,"Australia,Fiji,New Zealand",China,54.611,LCD,68.0,0.4,5.4712737943,5.0,,
74846,Approved,BenQ,EW2740LE,"Australia,New Zealand",China,68.568,LCD (LED),141.0,0.14,3.62108404724,3.5,http://www.benq.com.au/,http://benqshop.com.au/
74846,Approved,BenQ,EW2740M,"Australia,New Zealand",China,68.568,LCD (LED),141.0,0.14,3.62108404724,3.5,http://www.benq.com.au/,http://benqshop.com.au/
74846,Approved,BenQ,EW2740L,"Australia,New Zealand",China,68.568,LCD (LED),141.0,0.14,3.62108404724,3.5,http://www.benq.com.au/,http://benqshop.com.au/
76244,Approved,LG,L1742TEU,"Australia,New Zealand","Indonesia,""Korea, Republic of"",China",43.271,LCD,80.0,0.39,3.83840887973,3.5,http://www.lge.com.au/,http://www.lge.com.au/
75394,Approved,lenovo,L1711pC,"Australia,Fiji,New Zealand",China,43.271,LCD,49.0,0.31,6.03522941824,6.0,,
75391,Approved,lenovo,LS2223wC,"Australia,Fiji,New Zealand",China,54.683,LCD,73.0,0.26,5.16127424518,5.0,,
75984,Approved,LG,23EA63VB,"Australia,New Zealand","China,Indonesia,""Korea, Republic of""",58.422,LCD,90.0,0.15,4.61459679684,4.5,http://www.lge.com.au/,http://www.lge.com.au/
75987,Approved,LG,27EA33VA,"Australia,New Zealand","""Korea, Republic of"",Indonesia,China",68.599,LCD,100.0,0.25,5.16351021591,5.0,http://www.lge.com.au/,http://www.lge.com.au/
76262,Approved,NEC,EA193Mi,"Australia,New Zealand",China,47.995,LCD (LED),61.0,0.28,5.60256994163,5.5,http://www.nec-display.com/global/,http://www.nec.com.au
74601,Approved,LG,29EB73,"Australia,New Zealand","China,""Korea, Republic of"",Indonesia",73.021,LCD,120.0,0.85,4.17573797684,4.0,http://www.lge.com.au/,http://www.lge.com.au/
74601,Approved,LG,29EA73,"Australia,New Zealand","China,""Korea, Republic of"",Indonesia",73.021,LCD,120.0,0.85,4.17573797684,4.0,http://www.lge.com.au/,http://www.lge.com.au/
75651,Approved,BenQ,BL2211HM,"Australia,Fiji,New Zealand",China,55.868,LCD (LED),64.0,0.25,6.02560965576,6.0,,
75651,Approved,BenQ,BL2211PT,"Australia,Fiji,New Zealand",China,55.868,LCD (LED),64.0,0.25,6.02560965576,6.0,,
75651,Approved,BenQ,BL2211TE,"Australia,Fiji,New Zealand",China,55.868,LCD (LED),64.0,0.25,6.02560965576,6.0,,
75651,Approved,BenQ,BL2211TM,"Australia,Fiji,New Zealand",China,55.868,LCD (LED),64.0,0.25,6.02560965576,6.0,,
75651,Approved,BenQ,BL2211M,"Australia,Fiji,New Zealand",China,55.868,LCD (LED),64.0,0.25,6.02560965576,6.0,,
75398,Approved,Fujitsu,DY19-7,"Australia,Fiji,New Zealand",China,48.023,LCD,56.0,0.25,5.98914541344,5.5,,
76602,Approved,hp,E190i(HSTND-3891-W),"Australia,Fiji,New Zealand",China,48.023,LCD,61.0,0.28,5.60588462489,5.5,,
76663,Approved,DELL,E1715Sc,"Australia,Fiji,New Zealand",China,43.28,LCD (LED),49.0,0.23,6.03620529803,6.0,,http://www.dell.com/
76237,Approved,LG,22EA53VA,"Australia,New Zealand","""Korea, Republic of"",Indonesia,China",54.683,LCD (LED),80.0,0.19,4.75092318199,4.5,http://www.lge.com.au/,http://www.lge.com.au/
75282,Approved,hp,LA1956x (HSTND-3541-W),"Australia,Fiji,New Zealand",China,48.164,LCD,64.0,0.26,5.40730123738,5.0,,
74847,Approved,BenQ,RL2455HME,"Australia,New Zealand",China,60.969,LCD (LED),99.0,0.42,4.44955024347,4.0,http://www.benq.com.au/,http://benqshop.com.au/
74847,Approved,BenQ,RL2455HM,"Australia,New Zealand",China,60.969,LCD (LED),99.0,0.42,4.44955024347,4.0,http://www.benq.com.au/,http://benqshop.com.au/
75393,Approved,lenovo,LT2323zwC,"Australia,Fiji,New Zealand",China,58.564,LCD,85.0,0.45,4.88481378214,4.5,,
75279,Approved,acer,G226HQL,"Australia,Fiji,New Zealand",China,54.626,LCD,86.0,0.36,4.42209869236,4.0,,
75648,Approved,BenQ,GL2450HT,"Australia,New Zealand",China,60.969,LCD (LED),93.0,0.39,4.72973022901,4.5,http://www.benq.com.au/,http://benqshop.com.au/
75648,Approved,BenQ,GL2450M,"Australia,New Zealand",China,60.969,LCD (LED),93.0,0.39,4.72973022901,4.5,http://www.benq.com.au/,http://benqshop.com.au/
75648,Approved,BenQ,GL2450,"Australia,New Zealand",China,60.969,LCD (LED),93.0,0.39,4.72973022901,4.5,http://www.benq.com.au/,http://benqshop.com.au/
75648,Approved,BenQ,GL2450HM,"Australia,New Zealand",China,60.969,LCD (LED),93.0,0.39,4.72973022901,4.5,http://www.benq.com.au/,http://benqshop.com.au/
75648,Approved,BenQ,GL2450E,"Australia,New Zealand",China,60.969,LCD (LED),93.0,0.39,4.72973022901,4.5,http://www.benq.com.au/,http://benqshop.com.au/
75281,Approved,hp,LA2405x,"Australia,Fiji,New Zealand",China,61.132,LCD,89.0,0.39,5.10197413518,5.0,,
74835,Approved,BenQ,EW2440LE,"Australia,New Zealand",China,60.969,LCD (LED),112.0,0.34,3.89663701593,3.5,http://www.benq.com.au/,http://benqshop.com.au/
74835,Approved,BenQ,EW2440M,"Australia,New Zealand",China,60.969,LCD (LED),112.0,0.34,3.89663701593,3.5,http://www.benq.com.au/,http://benqshop.com.au/
74835,Approved,BenQ,EW2440L,"Australia,New Zealand",China,60.969,LCD (LED),112.0,0.34,3.89663701593,3.5,http://www.benq.com.au/,http://benqshop.com.au/
76239,Approved,LG,24EA53VA,"Australia,New Zealand","Indonesia,""Korea, Republic of"",China",59.81,LCD (LED),70.0,0.35,5.88406326992,5.5,http://www.lge.com.au/,http://www.lge.com.au/
75710,Approved,ASUS,MX279H,"Australia,Fiji,New Zealand",China,68.599,LCD (LED),117.0,0.3366,4.45995369844,4.0,http://www.asus.com/,http://www.asus.com/
75710,Approved,ASUS,MX279HR,"Australia,Fiji,New Zealand",China,68.599,LCD (LED),117.0,0.3366,4.45995369844,4.0,http://www.asus.com/,http://www.asus.com/
73409,Approved,AOC,270LM00004,"Australia,Fiji,New Zealand",China,68.599,LCD (LED),101.0,0.4,5.11896184405,5.0,,http://www.aocmonitorap.com/
75716,Approved,ASUS,VX229 series,"Australia,Fiji,New Zealand",China,54.621,LCD (LED),81.0,0.282,4.68860550278,4.5,http://www.asus.com/,
75718,Approved,ASUS,VX238 series,"Australia,Fiji,New Zealand",China,58.421,LCD (LED),87.0,0.3984,4.76659789222,4.5,http://www.asus.com/,
76246,Approved,Bloomberg,BFP100-23,"Australia,New Zealand","China,Indonesia,""Korea, Republic of""",58.422,LCD (LED),70.0,0.256,5.74084233162,5.5,http://www.lge.com.au/,
77235,Approved,NEC,EA273WMi,"Australia,New Zealand",China,68.375,LCD (LED),87.0,0.4691,5.77127742638,5.5,http://www.nec-display.com/global/,http://www.nec.com.au
78096,Approved,BenQ,GL2760,"Australia,Fiji,New Zealand",China,68.599,LCD (LED),109.0,0.15,4.77735499528,4.5,,
78096,Approved,BenQ,GL2760H,"Australia,Fiji,New Zealand",China,68.599,LCD (LED),109.0,0.15,4.77735499528,4.5,,
74377,Approved,ViewSonic,VS15423,"Australia,New Zealand",China,68.599,LCD (LED),140.0,0.33,3.65568865442,3.5,,http://www.viewsonic.com/
77249,Approved,PHILIPS,272G5D,"Australia,New Zealand",Taiwan,68.565,LCD (LED),137.0,0.917,3.74956043705,3.5,,http://www.philips.com/
77223,Approved,lenovo,T2220wA,"Australia,Fiji,New Zealand",China,54.621,LCD (LED),87.0,0.56,4.36838676604,4.0,,http://www.lenovo.com/
77325,Approved,lenovo,LI2342wA,"Australia,New Zealand",China,58.377,LCD (LED),86.0,0.436,4.81383971856,4.5,,http://www.lenovo.com/
77434,Approved,NEC,AS221WM,"Australia,New Zealand",China,55.871,LCD,95.0,0.73,4.25572882662,4.0,http://www.nec-display.com/global/,http://www.nec.com.au
77870,Approved,DELL,E2313Hf,"Australia,Fiji,New Zealand",China,58.421,LCD,81.0,0.27,5.086835531,5.0,,
77276,Approved,BenQ,BL2405HT,"Australia,New Zealand",China,60.969,LCD (LED),93.0,0.39,4.72973022901,4.5,http://www.benq.com.au/,http://benqshop.com.au/
77276,Approved,BenQ,BL2405HE,"Australia,New Zealand",China,60.969,LCD (LED),93.0,0.39,4.72973022901,4.5,http://www.benq.com.au/,http://benqshop.com.au/
77276,Approved,BenQ,BL2405H,"Australia,New Zealand",China,60.969,LCD (LED),93.0,0.39,4.72973022901,4.5,http://www.benq.com.au/,http://benqshop.com.au/
77276,Approved,BenQ,BL2405,"Australia,New Zealand",China,60.969,LCD (LED),93.0,0.39,4.72973022901,4.5,http://www.benq.com.au/,http://benqshop.com.au/
77276,Approved,BenQ,BL2405M,"Australia,New Zealand",China,60.969,LCD (LED),93.0,0.39,4.72973022901,4.5,http://www.benq.com.au/,http://benqshop.com.au/
77276,Approved,BenQ,BL2405HM,"Australia,New Zealand",China,60.969,LCD (LED),93.0,0.39,4.72973022901,4.5,http://www.benq.com.au/,http://benqshop.com.au/
77382,Approved,DELL,UZ2715Hb,"Australia,Fiji,New Zealand",China,68.593,LCD,73.0,0.43,6.57145103159,6.0,,
77221,Approved,NEC,EA243WM,"Australia,New Zealand",China,61.132,LCD (LED),95.0,0.52,4.80960394799,4.5,http://www.nec-display.com/global/,http://www.nec.com.au
74683,Approved,DELL,P2214Hb,"Australia,Fiji,New Zealand",China,54.626,LCD (LED),76.0,0.2,4.97606476146,4.5,,
76165,Approved,NEC,LCD175M,"Australia,New Zealand",China,43.275,LCD,84.0,0.35,3.62028514379,3.5,http://www.nec-display.com/global/,http://www.nec.com.au
75662,Approved,NEC,P232W,"Australia,New Zealand",China,58.422,LCD (LED),100.0,0.92,4.14243206236,4.0,http://www.nec-display.com/global/,http://www.nec.com.au
77418,Approved,DELL,UZ2215Hf,"Australia,Fiji,New Zealand",China,54.687,LCD,86.0,0.4,4.42717484076,4.0,,
77231,Approved,NEC,EA223WM,"Australia,New Zealand",China,55.868,LCD (LED),69.0,0.31,5.68850190251,5.5,http://www.nec-display.com/global/,http://www.nec.com.au
77329,Approved,hp,ENVY 24,"Australia,New Zealand",China,61.778,LCD (LED),76.0,0.36,5.77931356529,5.5,,http://www.hp.com/
77329,Approved,hp,HSTND-3901-L,"Australia,New Zealand",China,61.778,LCD (LED),76.0,0.36,5.77931356529,5.5,,http://www.hp.com/
77426,Approved,HP Compaq,P17A,"Australia,Fiji,New Zealand",China,43.275,LCD (LED),41.0,0.27,6.83452258154,6.0,,
77627,Approved,lenovo,LT2024wA,"Australia,Fiji,New Zealand",China,50.805,LCD (LED),55.0,0.3,6.01536936953,6.0,,http://www.lenovo.com/
73844,Approved,PHILIPS,201BL2,"Australia,New Zealand",Taiwan,50.805,LCD (LED),79.0,0.1,4.39258141486,4.0,,http://www.philips.com/
77452,Approved,SAMSUNG ELECTRONICS,S19C450BW,"Australia,Fiji,New Zealand","""Korea, Republic of""",48.113,LCD (LED),64.0,0.11,5.17806280308,5.0,,http://www.samsung.com.au
77415,Approved,DELL,P2815Qf,"Australia,Fiji,New Zealand",China,74.663,LCD,134.0,0.43,4.44796631075,4.0,,
77451,Approved,SAMSUNG ELECTRONICS,S27C500H,"Australia,Fiji,New Zealand","""Korea, Republic of""",68.506,LCD (LED),93.0,0.25,5.4807591656,5.0,,http://www.samsung.com.au
79264,Approved,LG,29UB65D,"Australia,New Zealand","China,Indonesia,""Korea, Republic of""",73.021,LCD,130.0,0.39,3.8170329764,3.5,,
77797,Approved,HP,20wd,"Australia,Fiji,New Zealand",China,49.407,LCD,65.0,0.36,5.09662883839,5.0,,
79111,Approved,SAMSUNG ELECTRONICS,S24D300BL,"Australia,Fiji,New Zealand","""Korea, Republic of""",59.774,LCD (LED),76.0,0.24,5.51165435135,5.5,,http://www.samsung.com.au
77827,Approved,HP,E231i,"Australia,Fiji,New Zealand",China,58.421,LCD,75.0,0.28,5.43173028903,5.0,,
79100,Approved,SAMSUNG ELECTRONICS,S24D300HL,"Australia,Fiji,New Zealand","""Korea, Republic of""",59.774,LCD (LED),76.0,0.24,5.51165435135,5.5,,http://www.samsung.com.au
77750,Approved,lenovo,Pro2820D,"Australia,Fiji,New Zealand",China,70.847,LCD,101.0,0.37,5.29361922942,5.0,,
77417,Approved,DELL,UZ2315Hf,"Australia,Fiji,New Zealand",China,58.42,LCD,89.0,0.4,4.66455013551,4.5,,
73395,Approved,hp,HSTND-3731-L,"Australia,New Zealand",China,50.805,LCD (LED),70.0,0.41,4.93462087648,4.5,,http://www.hp.com/
73395,Approved,hp,P201m,"Australia,New Zealand",China,50.805,LCD (LED),70.0,0.41,4.93462087648,4.5,,http://www.hp.com/
73395,Approved,hp,P201,"Australia,New Zealand",China,50.805,LCD (LED),70.0,0.41,4.93462087648,4.5,,http://www.hp.com/
73952,Approved,AOC,185LM00013,"Australia,New Zealand",China,47.013,LCD (LED),65.0,0.28,4.85375557409,4.5,,http://www.aocmonitorap.com/
73942,Approved,AOC,236LM00006,"Australia,New Zealand",Taiwan,59.81,LCD (LED),85.0,0.66,5.01396860083,5.0,,http://www.aocmonitorap.com/
73909,Approved,AOC,190LM00014,"Australia,New Zealand",China,48.193,LCD (LED),70.0,0.32,5.00861893476,5.0,,http://www.aocmonitorap.com/
73870,Approved,PHILIPS,206V4L,"Australia,New Zealand",China,50.85,LCD (LED),76.0,0.24,4.57097394505,4.5,,http://www.philips.com/
73869,Approved,PHILIPS,196V4L,"Australia,New Zealand",China,47.013,LCD (LED),70.0,0.24,4.5216466168,4.5,,http://www.philips.com/
73394,Approved,BenQ,GW2255HE,"Australia,Fiji,New Zealand",China,54.687,LCD (LED),101.0,0.25,3.70668249563,3.5,,
73394,Approved,BenQ,GW2255HM,"Australia,Fiji,New Zealand",China,54.687,LCD (LED),101.0,0.25,3.70668249563,3.5,,
73394,Approved,BenQ,GW2255M,"Australia,Fiji,New Zealand",China,54.687,LCD (LED),101.0,0.25,3.70668249563,3.5,,
73394,Approved,BenQ,GW2255E,"Australia,Fiji,New Zealand",China,54.687,LCD (LED),101.0,0.25,3.70668249563,3.5,,
73394,Approved,BenQ,GW2255,"Australia,Fiji,New Zealand",China,54.687,LCD (LED),101.0,0.25,3.70668249563,3.5,,
73394,Approved,BenQ,GL2250-T,"Australia,Fiji,New Zealand",China,54.687,LCD (LED),101.0,0.25,3.70668249563,3.5,,
73771,Approved,PHILIPS,220S4L,"Australia,New Zealand",Taiwan,55.868,LCD (LED),73.0,0.1,5.43596071895,5.0,,http://www.philips.com/
73765,Approved,SAMSUNG ELECTRONICS,S24C450BW,"Australia,Fiji,New Zealand","""Korea, Republic of""",61.098,LCD (LED),110.0,0.11,4.15017115761,4.0,,http://www.samsung.com.au
73391,Approved,hp,P221,"Australia,New Zealand",China,54.683,LCD (LED),81.0,0.26,4.69525265096,4.5,,http://www.hp.com/
73391,Approved,hp,HSTND-3741-L,"Australia,New Zealand",China,54.683,LCD (LED),81.0,0.26,4.69525265096,4.5,,http://www.hp.com/
73667,Approved,AOC,230LM00027,"Australia,New Zealand",China,58.421,LCD (LED),90.0,0.34,4.61468929458,4.5,,http://www.aocmonitorap.com/
73664,Approved,AOC,215LM00040,"Australia,New Zealand",China,54.621,LCD (LED),87.0,0.41,4.36838676604,4.0,,http://www.aocmonitorap.com/
73663,Approved,AOC,215LM00032,"Australia,New Zealand",China,54.621,LCD (LED),90.0,0.38,4.21645967034,4.0,,http://www.aocmonitorap.com/
73660,Approved,FUJITSU,DY22T-7,"Australia,New Zealand",Germany,54.621,LCD (LED),78.0,0.27,4.8577546699,4.5,,http://www.fujitsu.com/
73658,Approved,FUJITSU,B24T-7,"Australia,New Zealand",Germany,60.965,LCD (LED),77.0,0.8,5.57545761216,5.5,,http://www.fujitsu.com/
73532,Approved,PHILIPS,231P4U,"Australia,New Zealand",Taiwan,58.421,LCD (LED),108.0,0.2,3.79762980207,3.5,,http://www.philips.com/
73522,Approved,DELL,P2714Hc,"Australia,Fiji,New Zealand",China,68.599,LCD (LED),72.0,0.25,6.63567495039,6.0,,http://www.dell.com/
73520,Approved,DELL,E2213c,"Australia,Fiji,New Zealand",China,55.871,LCD (LED),69.0,0.3,5.68875427199,5.5,,http://www.dell.com/
74390,Approved,SAMSUNG ELECTRONICS,S24C770TS,"Australia,Fiji,New Zealand","""Korea, Republic of""",60.939,LCD (LED),120.0,0.23,3.58614944187,3.5,,http://www.samsung.com.au
74193,Approved,AOC,185LM00015,"Australia,New Zealand",China,47.013,LCD (LED),68.0,0.26,4.65155194771,4.5,,http://www.aocmonitorap.com/
74071,Approved,PHILIPS,231B4L,"Australia,New Zealand",Taiwan,58.421,LCD (LED),99.0,0.25,4.18756433738,4.0,,http://www.philips.com/
74031,Approved,AOC,270LM00007,"Australia,New Zealand",China,68.599,LCD (LED),108.0,0.41,4.81865869889,4.5,,http://www.aocmonitorap.com/
74014,Approved,PHILIPS,273V5Q,"Australia,New Zealand",Taiwan,68.565,LCD (LED),115.0,1.0,4.53402763959,4.5,,http://www.philips.com/
73961,Approved,PHILIPS,237E4Q,"Australia,New Zealand",Taiwan,68.599,LCD (LED),131.0,0.33,3.95344841188,3.5,,http://www.philips.com/
73959,Approved,PHILIPS,231S4L,"Australia,New Zealand",Taiwan,58.421,LCD (LED),88.0,0.11,4.7153996029,4.5,,http://www.philips.com/
73856,Approved,SAMSUNG ELECTRONICS,S27C570H,"Australia,Fiji,New Zealand","""Korea, Republic of""",68.506,LCD (LED),87.0,0.27,5.77963123296,5.5,,http://www.samsung.com.au
73853,Approved,SAMSUNG ELECTRONICS,S24C370HL,"Australia,Fiji,New Zealand","""Korea, Republic of""",59.774,LCD (LED),101.0,0.3,4.23719593711,4.0,,http://www.samsung.com.au
73851,Approved,PHILIPS,246V5L,"Australia,New Zealand",Taiwan,60.965,LCD (LED),92.0,0.5,4.77784031985,4.5,,http://www.philips.com/
73843,Approved,PHILIPS,19S4L,"Australia,New Zealand",Taiwan,48.142,LCD (LED),64.0,0.25,5.18121376305,5.0,,http://www.philips.com/
73842,Approved,PHILIPS,19B4L,"Australia,New Zealand",Taiwan,48.193,LCD (LED),64.0,0.25,5.41020866551,5.0,,http://www.philips.com/
73835,Approved,SAMSUNG ELECTRONICS,S24C350HL,"Australia,Fiji,New Zealand","""Korea, Republic of""",59.774,LCD (LED),101.0,0.3,4.23719593711,4.0,,http://www.samsung.com.au
73830,Approved,SAMSUNG ELECTRONICS,S27C750P,"Australia,Fiji,New Zealand","""Korea, Republic of""",68.506,LCD (LED),128.0,0.2,4.04925568327,4.0,,http://www.samsung.com.au
73828,Approved,SAMSUNG ELECTRONICS,S27C450B,"Australia,Fiji,New Zealand","""Korea, Republic of""",68.506,LCD (LED),138.0,0.21,3.71214793001,3.5,,http://www.samsung.com.au
73819,Approved,HP,Z23i,"Australia,Fiji,New Zealand",China,58.421,LCD,73.0,0.28,5.55285712522,5.5,http://www.tuv.com/,
73779,Approved,PHILIPS,298P4Q,"Australia,New Zealand",Taiwan,75.928,LCD (LED),176.0,0.5,2.84282709672,2.5,,http://www.philips.com/
73777,Approved,PHILIPS,273P3Q,"Australia,New Zealand",Taiwan,68.565,LCD (LED),121.0,0.3,4.30610970544,4.0,,http://www.philips.com/
73776,Approved,PHILIPS,273P3L,"Australia,New Zealand",Taiwan,68.565,LCD (LED),105.0,0.23,4.94171039658,4.5,,http://www.philips.com/
73773,Approved,PHILIPS,271P4Q,"Australia,New Zealand",Taiwan,68.566,LCD (LED),116.0,0.23,4.49532607557,4.0,,http://www.philips.com/
73755,Approved,SAMSUNG ELECTRONICS,S22C450B,"Australia,Fiji,New Zealand","""Korea, Republic of""",54.626,LCD (LED),98.0,0.11,3.83673477909,3.5,,http://www.samsung.com.au
73754,Approved,SAMSUNG ELECTRONICS,S22C200BW,"Australia,Fiji,New Zealand","""Korea, Republic of""",55.883,LCD (LED),81.0,0.21,4.97044333814,4.5,,http://www.samsung.com.au
73752,Approved,SAMSUNG ELECTRONICS,S22C200B,"Australia,Fiji,New Zealand","""Korea, Republic of""",54.626,LCD (LED),98.0,0.11,3.83673477909,3.5,,http://www.samsung.com.au
73746,Approved,SAMSUNG ELECTRONICS,S24B420BW,"Australia,Fiji,New Zealand","""Korea, Republic of""",61.098,LCD (LED),99.0,0.42,4.62233589209,4.5,,http://www.samsung.com.au
73742,Approved,SAMSUNG ELECTRONICS,S22B420BW,"Australia,Fiji,New Zealand","""Korea, Republic of""",55.883,LCD (LED),81.0,0.32,4.97044333814,4.5,,http://www.samsung.com.au
73294,Approved,SAMSUNG ELECTRONICS,S19C450BR,"Australia,Fiji,New Zealand","""Korea, Republic of""",48.164,LCD (LED),76.0,0.11,4.63716803876,4.5,,http://www.samsung.com.au
73244,Approved,DELL,E2314Hf,"Australia,Fiji,New Zealand",China,58.487,LCD,80.0,0.24,5.14935440781,5.0,http://www.tuv.com/,
73240,Approved,lenovo,LT3053pwA,"Australia,New Zealand",China,75.623,LCD (LED),227.0,0.47,2.33056074298,2.0,,http://www.lenovo.com/
73238,Approved,lenovo,LT2323pwA,"Australia,New Zealand",China,58.487,LCD (LED),88.0,0.37,4.72222945061,4.5,,http://www.lenovo.com/
73236,Approved,lenovo,LT2252pwA,"Australia,Fiji,New Zealand",China,55.868,LCD (LED),76.0,0.25,5.25547645714,5.0,,http://www.lenovo.com/
73235,Approved,lenovo,LT2013pwA,"Australia,New Zealand",China,49.409,LCD (LED),64.0,0.35,5.1665556448,5.0,,http://www.lenovo.com/
73026,Approved,DELL,E1913c,"Australia,Fiji,New Zealand",China,48.141,LCD (LED),53.0,0.3,6.02663253119,6.0,,http://www.dell.com/
79083,Approved,LG,34UM95,"Australia,New Zealand","""Korea, Republic of"",Indonesia,China",86.603,LCD (LED),200.0,0.7,3.03807038279,3.0,http://www.lge.com.au/,http://www.lge.com.au/
77964,Approved,HP,HSTND-3881-A,"Australia,New Zealand",China,58.422,LCD (LED),103.0,0.414,4.00996665134,4.0,,
77964,Approved,HP,S230tm,"Australia,New Zealand",China,58.422,LCD (LED),103.0,0.414,4.00996665134,4.0,,
78971,Approved,LG,22MP55HA,"Australia,New Zealand","China,Indonesia,""Korea, Republic of""",54.625,LCD,90.0,0.21,4.21681071241,4.0,,
78504,Approved,PHILIPS,227E6Q,"Australia,Fiji,New Zealand",China,54.687,LCD (LED),93.0,0.34,4.07649387132,4.0,,
78624,Approved,LG,23MP65HA,"Australia,New Zealand","Indonesia,""Korea, Republic of"",China",58.422,LCD,90.0,0.214,4.61459679684,4.5,,
79266,Approved,LG,27MP75HMB,"Australia,New Zealand","China,Indonesia,""Korea, Republic of""",68.599,LCD,130.0,0.18,3.98774572296,3.5,,
79290,Approved,LG,22MP56HA,"Australia,New Zealand","China,Indonesia,""Korea, Republic of""",54.625,LCD,90.0,0.231,4.21681071241,4.0,,
78665,Approved,LG,27M45HA,"Australia,New Zealand","China,""Korea, Republic of"",Indonesia",68.599,LCD,110.0,0.214,4.73638525871,4.5,,
78666,Approved,LG,27MB65PYG,"Australia,New Zealand","China,""Korea, Republic of"",Indonesia",68.599,LCD,120.0,0.186,4.3464507234,4.0,,
78667,Approved,LG,27MP55HA,"Australia,New Zealand","China,""Korea, Republic of"",Indonesia",68.599,LCD,110.0,0.168,4.73638525871,4.5,,
79400,Approved,PHILIPS,277E6Q,"Australia,Fiji,New Zealand",China,68.599,LCD (LED),103.0,0.35,5.03104480489,5.0,,
78664,Approved,LG,22MB65PYG,"Australia,New Zealand","China,""Korea, Republic of"",Indonesia",55.871,LCD,80.0,0.216,5.02586202525,5.0,,
78635,Approved,LG,19MB35PE,"Australia,New Zealand","China,Indonesia,""Korea, Republic of""",48.194,LCD (LED),60.0,0.19,5.69965364453,5.5,http://www.lge.com.au/,http://www.lge.com.au/
78636,Approved,LG,22M35DA,"Australia,New Zealand","China,Indonesia,""Korea, Republic of""",54.625,LCD (LED),70.0,0.2,5.34305624719,5.0,http://www.lge.com.au/,http://www.lge.com.au/
78634,Approved,LG,19M35DA,"Australia,New Zealand","""Korea, Republic of"",Indonesia,China",47.013,LCD (LED),50.0,0.203,6.02952006705,6.0,http://www.lge.com.au/,http://www.lge.com.au/
78639,Approved,LG,24MB65PYG,"Australia,New Zealand","""Korea, Republic of"",Indonesia,China",61.132,LCD (LED),90.0,0.21,5.0519018811,5.0,http://www.lge.com.au/,http://www.lge.com.au/
78640,Approved,LG,24MP55HA,"Australia,New Zealand","China,Indonesia,""Korea, Republic of""",60.468,LCD (LED),100.0,0.21,4.35370578031,4.0,http://www.lge.com.au/,http://www.lge.com.au/
78958,Approved,LG,27MP65HA,"Australia,New Zealand","China,Indonesia,""Korea, Republic of""",68.599,LCD,120.0,0.21,4.3464507234,4.0,,
78650,Approved,lenovo,Pro2840mD,"Australia,Fiji,New Zealand",China,74.663,LCD,192.0,0.79,2.83619859459,2.5,,
78663,Approved,LG,23M45HA,"Australia,New Zealand","China,""Korea, Republic of"",Indonesia",59.156,LCD,90.0,0.216,4.76735765131,4.5,,
79130,Approved,SAMSUNG ELECTRONICS,S20D300H,"Australia,Fiji,New Zealand","""Korea, Republic of""",49.371,LCD (LED),59.0,0.25,5.5221705251,5.5,,http://www.samsung.com.au
79556,Approved,PHILIPS,278C5Q,"Australia,Fiji,New Zealand",China,68.599,LCD (LED),106.0,0.3,4.90242599981,4.5,,
79116,Approved,SAMSUNG ELECTRONICS,S24D300H,"Australia,Fiji,New Zealand","""Korea, Republic of""",60.939,LCD (LED),87.0,0.21,5.02730076457,5.0,,http://www.samsung.com.au
79126,Approved,SAMSUNG ELECTRONICS,S27D390H,"Australia,Fiji,New Zealand","""Korea, Republic of""",68.506,LCD (LED),107.0,0.23,4.85233257437,4.5,,http://www.samsung.com.au
78772,Approved,SHARP,LL-S242A-B,"Australia,Fiji,New Zealand",China,59.809,LCD (LED),105.0,1.1,4.06709549711,4.0,,
78772,Approved,SHARP,LL-S242A-W,"Australia,Fiji,New Zealand",China,59.809,LCD (LED),105.0,1.1,4.06709549711,4.0,,
78957,Approved,LG,24M45HA,"Australia,New Zealand","China,""Korea, Republic of"",Indonesia",59.81,LCD,80.0,0.201,5.28565300067,5.0,,
78969,Approved,SHARP,LL-P202V,"Australia,Fiji,New Zealand",China,49.565,LCD (LED),87.0,1.09,3.82618704074,3.5,,
78973,Approved,LG,23MP75HMB,"Australia,New Zealand","China,Indonesia,""Korea, Republic of""",58.422,LCD,90.0,0.18,4.61459679684,4.5,,
78968,Approved,LG,20M35DSA,"Australia,New Zealand","China,Indonesia,""Korea, Republic of""",49.407,LCD,70.0,0.201,4.73744391236,4.5,,
78972,Approved,LG,29UM65D,"Australia,New Zealand","China,Indonesia,""Korea, Republic of""",73.021,LCD,130.0,0.44,3.8170329764,3.5,,
78967,Approved,LG,19MB15TO,"Australia,New Zealand","China,Indonesia,""Korea, Republic of""",48.194,LCD,70.0,0.162,5.00883968679,5.0,,
78961,Approved,LG,17MB15TO,"Australia,New Zealand","China,Indonesia,""Korea, Republic of""",43.271,LCD,60.0,0.165,5.12763310672,5.0,,
80139,Approved,SAMSUNG ELECTRONICS,U28D590D,"Australia,Fiji,New Zealand","""Korea, Republic of""",70.846,LCD (LED),136.0,0.24,3.95881038913,3.5,,http://www.samsung.com.au
80138,Approved,SAMSUNG ELECTRONICS,S24D590PL,"Australia,Fiji,New Zealand","""Korea, Republic of""",59.774,LCD (LED),79.0,0.13,5.33815835761,5.0,,http://www.samsung.com.au
78637,Approved,LG,22M45DA,"Australia,New Zealand","""Korea, Republic of"",Indonesia,China",54.683,LCD (LED),90.0,0.21,4.22308791647,4.0,http://www.lge.com.au/,http://www.lge.com.au/
79058,Approved,BenQ,VW2235E,"Australia,New Zealand",China,54.683,LCD (LED),92.0,0.18,4.12459120174,4.0,http://www.benq.com.au/,http://benqshop.com.au/
79058,Approved,BenQ, VW2235HE,"Australia,New Zealand",China,54.683,LCD (LED),92.0,0.18,4.12459120174,4.0,http://www.benq.com.au/,http://benqshop.com.au/
79058,Approved,BenQ,VW2235H,"Australia,New Zealand",China,54.683,LCD (LED),92.0,0.18,4.12459120174,4.0,http://www.benq.com.au/,http://benqshop.com.au/
79058,Approved,BenQ,VW2235,"Australia,New Zealand",China,54.683,LCD (LED),92.0,0.18,4.12459120174,4.0,http://www.benq.com.au/,http://benqshop.com.au/
80459,Approved,LG,27MP35HA,"Australia,New Zealand","China,""Korea, Republic of"",Indonesia",68.599,LCD,110.0,0.42,4.73638525871,4.5,,
79293,Approved,LG,24MP56HA,"Australia,New Zealand","China,Indonesia,""Korea, Republic of""",60.468,LCD,110.0,0.22,3.92658082311,3.5,,
79286,Approved,LG,24MP55VA,"Australia,New Zealand","China,Indonesia,""Korea, Republic of""",60.468,LCD,100.0,0.21,4.35370578031,4.0,,
79263,Approved,LG,22MB35PUH,"Australia,New Zealand","China,""Korea, Republic of"",Indonesia",54.688,LCD,90.0,0.216,4.22354681762,4.0,,
79188,Approved,hp,S240ml,"Australia,Fiji,New Zealand",China,60.47,LCD (LED),86.0,0.3,5.02942388347,5.0,,http://www.hp.com/
79188,Approved,hp,HSTND-3991-L,"Australia,Fiji,New Zealand",China,60.47,LCD (LED),86.0,0.3,5.02942388347,5.0,,http://www.hp.com/
75720,Approved,ASUS,VX239 series,"Australia,Fiji,New Zealand",China,58.421,LCD (LED),91.0,0.3948,4.56515183833,4.5,http://www.asus.com/,
80418,Approved,BenQ,GW2265HM ,"Australia,Fiji,New Zealand",China,55.592,LCD (LED),82.0,0.23,4.83087629169,4.5,,
80418,Approved,BenQ,GW2265M,"Australia,Fiji,New Zealand",China,55.592,LCD (LED),82.0,0.23,4.83087629169,4.5,,
80418,Approved,BenQ,GW2265,"Australia,Fiji,New Zealand",China,55.592,LCD (LED),82.0,0.23,4.83087629169,4.5,,
79472,Approved,PHILIPS,288P6L,"Australia,Fiji,New Zealand",China,70.854,LCD (LED),244.0,0.41,1.34174524703,1.0,,
75713,Approved,ASUS,VX228 series,"Australia,Fiji,New Zealand",China,54.687,LCD (LED),85.0,0.3054,4.47958970865,4.0,http://www.asus.com/,
80311,Approved,AOC,236LM00023,"Australia,New Zealand",China,59.809,LCD (LED),103.0,0.28,4.15327930934,4.0,,http://www.aocmonitorap.com/
78970,Approved,LG,23MP55HA,"Australia,New Zealand","China,""Korea, Republic of"",Indonesia",58.422,LCD,100.0,0.18,4.14243206236,4.0,,
79679,Approved,SAMSUNG ELECTRONICS,S24D300FL,"Australia,Fiji,New Zealand","""Korea, Republic of""",59.774,LCD (LED),76.0,0.24,5.51165435135,5.5,,http://www.samsung.com.au
79485,Approved,Hewlett-Packard Company,P200,"Australia,Fiji,New Zealand",China,49.402,LCD,60.0,0.3,5.42548941259,5.0,,
78638,Approved,LG,22MB65PE,"Australia,New Zealand","China,Indonesia,""Korea, Republic of""",56.3,LCD (LED),90.0,0.36,4.54704148181,4.5,http://www.lge.com.au/,http://www.lge.com.au/
78983,Approved,LG,25UM65,"Australia,New Zealand","""Korea, Republic of"",Indonesia,China",63.515,LCD (LED),100.0,0.48,4.11433881776,4.0,http://www.lge.com.au/,http://www.lge.com.au/
79106,Approved,SAMSUNG ELECTRONICS,S22D300HY,"Australia,Fiji,New Zealand","""Korea, Republic of""",54.626,LCD (LED),79.0,0.2,4.80256876773,4.5,,http://www.samsung.com.au
80140,Approved,SAMSUNG ELECTRONICS,S27D590P,"Australia,Fiji,New Zealand","""Korea, Republic of""",68.506,LCD (LED),109.0,0.3,4.76934094114,4.5,,http://www.samsung.com.au
79677,Approved,SAMSUNG ELECTRONICS,S22D300FY,"Australia,Fiji,New Zealand","""Korea, Republic of""",54.626,LCD (LED),79.0,0.2,4.80256876773,4.5,,http://www.samsung.com.au
79119,Approved,SAMSUNG ELECTRONICS,S24D390HL,"Australia,Fiji,New Zealand","""Korea, Republic of""",59.774,LCD (LED),80.0,0.25,5.28178754997,5.0,,http://www.samsung.com.au
80207,Approved,PHILIPS,221C5T,"Australia,Fiji,New Zealand",China,54.687,LCD (LED),97.0,0.34,3.88777461368,3.5,,
79788,Approved,PHILIPS,207E6Q,"Australia,Fiji,New Zealand",China,49.411,LCD (LED),65.0,0.401,5.07012631906,5.0,,
79789,Approved,PHILIPS,275C5Q,"Australia,Fiji,New Zealand",China,68.599,LCD (LED),97.0,0.382,5.30005396211,5.0,,
79755,Approved,AOC,280LM00002,"Australia,New Zealand",China,70.847,LCD (LED),140.0,0.23,3.83033739204,3.5,,http://www.aocmonitorap.com/
79108,Approved,SAMSUNG ELECTRONICS,S22D390H,"Australia,Fiji,New Zealand","""Korea, Republic of""",54.626,LCD (LED),68.0,0.22,5.47451356025,5.0,,http://www.samsung.com.au
79606,Approved,BenQ,RL2460HTE,"Australia,Fiji,New Zealand",China,60.969,LCD (LED),94.0,0.45,4.6818001452,4.5,http://www.benq.com.au/,http://benqshop.com.au/
79606,Approved,BenQ,RL2460HT,"Australia,Fiji,New Zealand",China,60.969,LCD (LED),94.0,0.45,4.6818001452,4.5,http://www.benq.com.au/,http://benqshop.com.au/
79105,Approved,SAMSUNG ELECTRONICS,S20D300HY,"Australia,Fiji,New Zealand","""Korea, Republic of""",49.371,LCD (LED),59.0,0.24,5.5221705251,5.5,,http://www.samsung.com.au
79869,Approved,PHILIPS,238C5Q,"Australia,Fiji,New Zealand",China,58.421,LCD (LED),82.0,0.375,5.03186658928,5.0,,
80246,Approved,AOC,250LM00001,"Australia,New Zealand",China,63.516,LCD (LED),125.0,0.4,3.11419746105,3.0,,http://www.aocmonitorap.com/
80247,Approved,AOC,340LM00001,"Australia,New Zealand",China,86.705,LCD (LED),260.0,0.46,1.86719426309,1.5,,http://www.aocmonitorap.com/
79877,Approved,PHILIPS,245C5Q,"Australia,Fiji,New Zealand",China,60.468,LCD (LED),91.0,0.38,4.77635155661,4.5,,
79878,Approved,PHILIPS,247E6Q,"Australia,Fiji,New Zealand",China,59.809,LCD (LED),88.0,0.335,4.85861976317,4.5,,
79876,Approved,PHILIPS,225C5Q,"Australia,Fiji,New Zealand",China,54.621,LCD (LED),89.0,0.29,4.26653192443,4.0,,
79892,Approved,LG,27MP35VA,"Australia,New Zealand","China,""Korea, Republic of"",Indonesia",68.599,LCD,110.0,0.42,4.73638525871,4.5,,
79896,Approved,LG,24M45VA,"Australia,New Zealand","China,""Korea, Republic of"",Indonesia",59.81,LCD,80.0,0.251,5.28565300067,5.0,,